document_id,parcel_id,ocr_survey_number,ocr_owner_name,ocr_area_acres,ocr_village,ocr_confidence,extraction_status,validation_issue
DOC-BRG-0001,TG-RR-FNR-BRG-0001,1,G. Srinivas Reddy,9.41,Burgul,0.98,COMPLETED,
DOC-BRG-0002,TG-RR-FNR-BRG-0002,2,K. Venkateshwar Rao,2.17,Burgul,0.92,COMPLETED,
DOC-BRG-0003,TG-RR-FNR-BRG-0003,3,M. Lakshmi Bai,2.93,Burgul,0.88,COMPLETED,
DOC-BRG-0004,TG-RR-FNR-BRG-0004,4,P. Anjaneyulu,5.05,Burgul,0.97,COMPLETED,
DOC-BRG-0005,TG-RR-FNR-BRG-0005,5,B. Satyanarayana,3.46,Burgul,0.96,COMPLETED,
DOC-BRG-0006,TG-RR-FNR-BRG-0006,6,T. Ramaiah,4.19,Burgul,0.96,COMPLETED,
DOC-BRG-0007,TG-RR-FNR-BRG-0007,7,Ch. Madhava Reddy,8.72,Burgul,0.93,COMPLETED,
DOC-BRG-0008,TG-RR-FNR-BRG-0008,8,V. Narsimha,3.21,Burgul,0.95,COMPLETED,
DOC-BRG-0009,TG-RR-FNR-BRG-0009,9,S. Kistamma,5.02,Burgul,0.92,COMPLETED,
DOC-BRG-0010,TG-RR-FNR-BRG-0010,10,A. Balraj,9.29,Burgul,0.89,COMPLETED,
DOC-BRG-0011,TG-RR-FNR-BRG-0011,11,M. Mallesh Goud,7.71,Burgul,0.94,COMPLETED,
DOC-BRG-0012,TG-RR-FNR-BRG-0012,12,K. Chandraiah,3.99,Burgul,0.9,COMPLETED,
DOC-BRG-0013,TG-RR-FNR-BRG-0013,13,J. Ramachandra Reddy,7.39,Burgul,0.93,COMPLETED,
DOC-BRG-0014,TG-RR-FNR-BRG-0014,14,D. Gopal Rao,1.79,Burgul,0.9,COMPLETED,
DOC-BRG-0015,TG-RR-FNR-BRG-0015,15,R. Prabhakar,9.81,Burgul,0.62,NEEDS_REVIEW,Low OCR confidence in handwritten Tippon annotation
DOC-BRG-0016,TG-RR-FNR-BRG-0016,16,E. Yadagiri,5.19,Burgul,0.91,COMPLETED,
DOC-BRG-0017,TG-RR-FNR-BRG-0017,17,N. Shankaraiah,12.99,Burgul,0.97,COMPLETED,
DOC-BRG-0018,TG-RR-FNR-BRG-0018,18,P. Suseela,8.31,Burgul,0.92,COMPLETED,
DOC-BRG-0019,TG-RR-FNR-BRG-0019,19,B. Vittal Reddy,6.48,Burgul,0.94,COMPLETED,
DOC-BRG-0020,TG-RR-FNR-BRG-0020,20,K. Padma,7.67,Burgul,0.94,COMPLETED,
DOC-BRG-0021,TG-RR-FNR-BRG-0021,21,G. Lingaiah,9.61,Burgul,0.93,COMPLETED,
DOC-BRG-0022,TG-RR-FNR-BRG-0022,22,M. Krishna Murthy,5.71,Burgul,0.92,COMPLETED,
DOC-BRG-0023,TG-RR-FNR-BRG-0023,23,S. Venkat Reddy,6.58,Burgul,0.96,COMPLETED,
DOC-BRG-0024,TG-RR-FNR-BRG-0024,24,A. Jagadeeshwar,6.18,Burgul,0.89,COMPLETED,
DOC-BRG-0025,TG-RR-FNR-BRG-0025,25,G. Srinivas Reddy,3.07,Burgul,0.89,COMPLETED,
DOC-BRG-0026,TG-RR-FNR-BRG-0026,26,K. Venkateshwar Rao,6.71,Burgul,0.97,COMPLETED,
DOC-BRG-0027,TG-RR-FNR-BRG-0027,27,M. Lakshmi Bai,9.05,Burgul,0.93,COMPLETED,
DOC-BRG-0028,TG-RR-FNR-BRG-0028,28,P. Anjaneyulu,3.48,Burgul,0.89,COMPLETED,
DOC-BRG-0029,TG-RR-FNR-BRG-0029,29,B. Satyanarayana,5.89,Burgul,0.97,COMPLETED,
DOC-BRG-0030,TG-RR-FNR-BRG-0030,30,T. Ramaiah,4.33,Burgul,0.93,COMPLETED,
DOC-BRG-0031,TG-RR-FNR-BRG-0031,31,Ch. Madhava Reddy,7.11,Burgul,0.88,COMPLETED,
DOC-BRG-0032,TG-RR-FNR-BRG-0032,32,R. Prabhakar,8.56,Burgul,0.44,NEEDS_REVIEW,Owner mismatch: Deed titleholder 'V. Narsimha' vs Extracted 'R. Prabhakar'
DOC-BRG-0033,TG-RR-FNR-BRG-0033,33,S. Kistamma,11.62,Burgul,0.99,COMPLETED,
DOC-BRG-0034,TG-RR-FNR-BRG-0034,34,A. Balraj,3.28,Burgul,0.9,COMPLETED,
DOC-BRG-0035,TG-RR-FNR-BRG-0035,35,M. Mallesh Goud,7.0,Burgul,0.96,COMPLETED,
DOC-BRG-0036,TG-RR-FNR-BRG-0036,36,K. Chandraiah,20.09,Burgul,0.89,COMPLETED,
DOC-BRG-0037,TG-RR-FNR-BRG-0037,37,J. Ramachandra Reddy,7.65,Burgul,0.95,COMPLETED,
DOC-BRG-0038,TG-RR-FNR-BRG-0038,38,D. Gopal Rao,4.73,Burgul,0.9,COMPLETED,
DOC-BRG-0039,TG-RR-FNR-BRG-0039,39,R. Prabhakar,2.18,Burgul,0.98,COMPLETED,
DOC-BRG-0040,TG-RR-FNR-BRG-0040,40,E. Yadagiri,9.1,Burgul,0.91,COMPLETED,
DOC-BRG-0041,TG-RR-FNR-BRG-0041,41,N. Shankaraiah,15.36,Burgul,0.95,COMPLETED,
DOC-BRG-0042,TG-RR-FNR-BRG-0042,42,P. Suseela,2.67,Burgul,0.91,COMPLETED,
DOC-BRG-0043,TG-RR-FNR-BRG-0043,43,B. Vittal Reddy,2.47,Burgul,0.92,COMPLETED,
DOC-BRG-0044,TG-RR-FNR-BRG-0044,44,K. Padma,2.34,Burgul,0.98,COMPLETED,
DOC-BRG-0045,TG-RR-FNR-BRG-0045,45,G. Lingaiah,14.2,Burgul,0.68,NEEDS_REVIEW,Area mismatch: Document states 14.2 Acres vs GIS 13.15 Acres (8.0% diff)
DOC-BRG-0046,TG-RR-FNR-BRG-0046,46,M. Krishna Murthy,9.09,Burgul,0.9,COMPLETED,
DOC-BRG-0047,TG-RR-FNR-BRG-0047,47,S. Venkat Reddy,4.12,Burgul,0.92,COMPLETED,
DOC-BRG-0048,TG-RR-FNR-BRG-0048,48,A. Jagadeeshwar,6.02,Burgul,0.91,COMPLETED,
DOC-BRG-0049,TG-RR-FNR-BRG-0049,49,G. Srinivas Reddy,6.79,Burgul,0.96,COMPLETED,
DOC-BRG-0050,TG-RR-FNR-BRG-0050,50,K. Venkateshwar Rao,6.19,Burgul,0.91,COMPLETED,
DOC-BRG-0051,TG-RR-FNR-BRG-0051,51,M. Lakshmi Bai,10.72,Burgul,0.95,COMPLETED,
DOC-BRG-0052,TG-RR-FNR-BRG-0052,52,P. Anjaneyulu,2.68,Burgul,0.96,COMPLETED,
DOC-BRG-0053,TG-RR-FNR-BRG-0053,53,B. Satyanarayana,4.31,Burgul,0.88,COMPLETED,
DOC-BRG-0054,TG-RR-FNR-BRG-0054,54,T. Ramaiah,11.42,Burgul,0.93,COMPLETED,
DOC-BRG-0055,TG-RR-FNR-BRG-0055,55,Ch. Madhava Reddy,8.85,Burgul,0.89,COMPLETED,
DOC-BRG-0056,TG-RR-FNR-BRG-0056,56,V. Narsimha,4.56,Burgul,0.9,COMPLETED,
DOC-BRG-0057,TG-RR-FNR-BRG-0057,57,S. Kistamma,5.32,Burgul,0.95,COMPLETED,
DOC-BRG-0058,TG-RR-FNR-BRG-0058,58,A. Balraj,1.64,Burgul,0.88,COMPLETED,
DOC-BRG-0059,TG-RR-FNR-BRG-0059,59,M. Mallesh Goud,5.88,Burgul,0.62,NEEDS_REVIEW,Low OCR confidence in handwritten Tippon annotation
DOC-BRG-0060,TG-RR-FNR-BRG-0060,60,K. Chandraiah,2.8,Burgul,0.96,COMPLETED,
DOC-BRG-0061,TG-RR-FNR-BRG-0061,61,J. Ramachandra Reddy,10.81,Burgul,0.97,COMPLETED,
DOC-BRG-0062,TG-RR-FNR-BRG-0062,62,D. Gopal Rao,2.41,Burgul,0.99,COMPLETED,
DOC-BRG-0063,TG-RR-FNR-BRG-0063,63,R. Prabhakar,8.04,Burgul,0.93,COMPLETED,
DOC-BRG-0064,TG-RR-FNR-BRG-0064,64,E. Yadagiri,6.87,Burgul,0.89,COMPLETED,
DOC-BRG-0065,TG-RR-FNR-BRG-0065,65,N. Shankaraiah,7.58,Burgul,0.89,COMPLETED,
DOC-BRG-0066,TG-RR-FNR-BRG-0066,66,P. Suseela,4.64,Burgul,0.92,COMPLETED,
DOC-BRG-0067,TG-RR-FNR-BRG-0067,67,B. Vittal Reddy,1.67,Burgul,0.96,COMPLETED,
DOC-BRG-0068,TG-RR-FNR-BRG-0068,68,K. Padma,3.64,Burgul,0.89,COMPLETED,
DOC-BRG-0069,TG-RR-FNR-BRG-0069,69,G. Lingaiah,5.12,Burgul,0.91,COMPLETED,
DOC-BRG-0070,TG-RR-FNR-BRG-0070,70,M. Krishna Murthy,6.85,Burgul,0.98,COMPLETED,
DOC-BRG-0071,TG-RR-FNR-BRG-0071,71,S. Venkat Reddy,3.3,Burgul,0.9,COMPLETED,
DOC-BRG-0072,TG-RR-FNR-BRG-0072,72,A. Jagadeeshwar,2.25,Burgul,0.97,COMPLETED,
DOC-BRG-0073,TG-RR-FNR-BRG-0073,73,G. Srinivas Reddy,10.71,Burgul,0.96,COMPLETED,
DOC-BRG-0074,TG-RR-FNR-BRG-0074,74,K. Venkateshwar Rao,5.19,Burgul,0.89,COMPLETED,
DOC-BRG-0075,TG-RR-FNR-BRG-0075,75,M. Lakshmi Bai,5.49,Burgul,0.99,COMPLETED,
DOC-BRG-0076,TG-RR-FNR-BRG-0076,76,M. Mallesh Goud,3.0,Burgul,0.44,NEEDS_REVIEW,Owner mismatch: Deed titleholder 'P. Anjaneyulu' vs Extracted 'M. Mallesh Goud'
DOC-BRG-0077,TG-RR-FNR-BRG-0077,77,B. Satyanarayana,3.41,Burgul,0.9,COMPLETED,
DOC-BRG-0078,TG-RR-FNR-BRG-0078,78,T. Ramaiah,5.42,Burgul,0.94,COMPLETED,
DOC-BRG-0079,TG-RR-FNR-BRG-0079,79,Ch. Madhava Reddy,1.9,Burgul,0.88,COMPLETED,
DOC-BRG-0080,TG-RR-FNR-BRG-0080,80,V. Narsimha,5.49,Burgul,0.95,COMPLETED,
DOC-BRG-0081,TG-RR-FNR-BRG-0081,81,S. Kistamma,5.48,Burgul,0.93,COMPLETED,
DOC-BRG-0082,TG-RR-FNR-BRG-0082,82,A. Balraj,9.32,Burgul,0.96,COMPLETED,
DOC-BRG-0083,TG-RR-FNR-BRG-0083,83,M. Mallesh Goud,3.5,Burgul,0.95,COMPLETED,
DOC-BRG-0084,TG-RR-FNR-BRG-0084,84,K. Chandraiah,5.51,Burgul,0.9,COMPLETED,
DOC-BRG-0085,TG-RR-FNR-BRG-0085,85,J. Ramachandra Reddy,3.4,Burgul,0.93,COMPLETED,
DOC-BRG-0086,TG-RR-FNR-BRG-0086,86,D. Gopal Rao,6.97,Burgul,0.96,COMPLETED,
DOC-BRG-0087,TG-RR-FNR-BRG-0087,87,R. Prabhakar,3.88,Burgul,0.97,COMPLETED,
DOC-BRG-0088,TG-RR-FNR-BRG-0088,88,E. Yadagiri,4.26,Burgul,0.68,NEEDS_REVIEW,Area mismatch: Document states 4.26 Acres vs GIS 3.94 Acres (8.0% diff)
DOC-BRG-0089,TG-RR-FNR-BRG-0089,89,N. Shankaraiah,5.65,Burgul,0.89,COMPLETED,
DOC-BRG-0090,TG-RR-FNR-BRG-0090,90,P. Suseela,8.82,Burgul,0.89,COMPLETED,
DOC-BRG-0091,TG-RR-FNR-BRG-0091,91,B. Vittal Reddy,11.28,Burgul,0.96,COMPLETED,
DOC-BRG-0092,TG-RR-FNR-BRG-0092,92,K. Padma,6.3,Burgul,0.94,COMPLETED,
DOC-BRG-0093,TG-RR-FNR-BRG-0093,93,G. Lingaiah,3.21,Burgul,0.92,COMPLETED,
DOC-BRG-0094,TG-RR-FNR-BRG-0094,94,M. Krishna Murthy,5.78,Burgul,0.99,COMPLETED,
DOC-BRG-0095,TG-RR-FNR-BRG-0095,95,S. Venkat Reddy,7.01,Burgul,0.91,COMPLETED,
DOC-BRG-0096,TG-RR-FNR-BRG-0096,96,A. Jagadeeshwar,8.49,Burgul,0.9,COMPLETED,
DOC-BRG-0097,TG-RR-FNR-BRG-0097,97,G. Srinivas Reddy,5.22,Burgul,0.91,COMPLETED,
DOC-BRG-0098,TG-RR-FNR-BRG-0098,98,K. Venkateshwar Rao,8.8,Burgul,0.89,COMPLETED,
DOC-BRG-0099,TG-RR-FNR-BRG-0099,99,M. Lakshmi Bai,1.95,Burgul,0.62,NEEDS_REVIEW,Low OCR confidence in handwritten Tippon annotation
DOC-BRG-0100,TG-RR-FNR-BRG-0100,100,P. Anjaneyulu,1.27,Burgul,0.94,COMPLETED,
DOC-BRG-0101,TG-RR-FNR-BRG-0101,101,B. Satyanarayana,1.6,Burgul,0.95,COMPLETED,
DOC-BRG-0102,TG-RR-FNR-BRG-0102,102,T. Ramaiah,7.65,Burgul,0.95,COMPLETED,
DOC-BRG-0103,TG-RR-FNR-BRG-0103,103,Ch. Madhava Reddy,2.2,Burgul,0.97,COMPLETED,
DOC-BRG-0104,TG-RR-FNR-BRG-0104,104,V. Narsimha,6.94,Burgul,0.96,COMPLETED,
DOC-BRG-0105,TG-RR-FNR-BRG-0105,105,S. Kistamma,3.39,Burgul,0.97,COMPLETED,
DOC-BRG-0106,TG-RR-FNR-BRG-0106,106,A. Balraj,4.69,Burgul,0.95,COMPLETED,
DOC-BRG-0107,TG-RR-FNR-BRG-0107,107,M. Mallesh Goud,2.48,Burgul,0.91,COMPLETED,
DOC-BRG-0108,TG-RR-FNR-BRG-0108,108,K. Chandraiah,1.96,Burgul,0.94,COMPLETED,
DOC-BRG-0109,TG-RR-FNR-BRG-0109,109,J. Ramachandra Reddy,10.69,Burgul,0.94,COMPLETED,
DOC-BRG-0110,TG-RR-FNR-BRG-0110,110,D. Gopal Rao,7.33,Burgul,0.96,COMPLETED,
DOC-BRG-0111,TG-RR-FNR-BRG-0111,111,R. Prabhakar,8.81,Burgul,0.91,COMPLETED,
DOC-BRG-0112,TG-RR-FNR-BRG-0112,112,E. Yadagiri,3.29,Burgul,0.68,NEEDS_REVIEW,Area mismatch: Document states 3.29 Acres vs GIS 3.05 Acres (8.0% diff)
DOC-BRG-0113,TG-RR-FNR-BRG-0113,113,N. Shankaraiah,2.85,Burgul,0.89,COMPLETED,
DOC-BRG-0114,TG-RR-FNR-BRG-0114,114,P. Suseela,7.63,Burgul,0.98,COMPLETED,
DOC-BRG-0115,TG-RR-FNR-BRG-0115,115,B. Vittal Reddy,8.19,Burgul,0.99,COMPLETED,
DOC-BRG-0116,TG-RR-FNR-BRG-0116,116,K. Padma,3.34,Burgul,0.93,COMPLETED,
DOC-BRG-0117,TG-RR-FNR-BRG-0117,117,G. Lingaiah,12.91,Burgul,0.89,COMPLETED,
DOC-BRG-0118,TG-RR-FNR-BRG-0118,118,M. Krishna Murthy,2.3,Burgul,0.93,COMPLETED,
DOC-BRG-0119,TG-RR-FNR-BRG-0119,119,S. Venkat Reddy,5.0,Burgul,0.95,COMPLETED,
DOC-BRG-0120,TG-RR-FNR-BRG-0120,120,Ch. Madhava Reddy,2.85,Burgul,0.44,NEEDS_REVIEW,Owner mismatch: Deed titleholder 'A. Jagadeeshwar' vs Extracted 'Ch. Madhava Reddy'
DOC-BRG-0121,TG-RR-FNR-BRG-0121,121,G. Srinivas Reddy,5.81,Burgul,0.94,COMPLETED,
DOC-BRG-0122,TG-RR-FNR-BRG-0122,122,K. Venkateshwar Rao,4.31,Burgul,0.99,COMPLETED,
DOC-BRG-0123,TG-RR-FNR-BRG-0123,123,M. Lakshmi Bai,3.6,Burgul,0.99,COMPLETED,
DOC-BRG-0124,TG-RR-FNR-BRG-0124,124,P. Anjaneyulu,3.72,Burgul,0.62,NEEDS_REVIEW,Low OCR confidence in handwritten Tippon annotation
DOC-BRG-0125,TG-RR-FNR-BRG-0125,125,B. Satyanarayana,2.74,Burgul,0.98,COMPLETED,
DOC-BRG-0126,TG-RR-FNR-BRG-0126,126,T. Ramaiah,6.72,Burgul,0.89,COMPLETED,
DOC-BRG-0127,TG-RR-FNR-BRG-0127,127,Ch. Madhava Reddy,2.06,Burgul,0.97,COMPLETED,
DOC-BRG-0128,TG-RR-FNR-BRG-0128,128,V. Narsimha,9.82,Burgul,0.94,COMPLETED,
DOC-BRG-0129,TG-RR-FNR-BRG-0129,129,S. Kistamma,3.92,Burgul,0.92,COMPLETED,
DOC-BRG-0130,TG-RR-FNR-BRG-0130,130,A. Balraj,19.53,Burgul,0.96,COMPLETED,
DOC-BRG-0131,TG-RR-FNR-BRG-0131,131,M. Mallesh Goud,4.73,Burgul,0.96,COMPLETED,
DOC-BRG-0132,TG-RR-FNR-BRG-0132,132,K. Chandraiah,8.41,Burgul,0.98,COMPLETED,
DOC-BRG-0133,TG-RR-FNR-BRG-0133,133,J. Ramachandra Reddy,5.56,Burgul,0.96,COMPLETED,
DOC-BRG-0134,TG-RR-FNR-BRG-0134,134,D. Gopal Rao,1.89,Burgul,0.68,NEEDS_REVIEW,Area mismatch: Document states 1.89 Acres vs GIS 1.75 Acres (8.0% diff)
DOC-BRG-0135,TG-RR-FNR-BRG-0135,135,R. Prabhakar,4.4,Burgul,0.88,COMPLETED,
DOC-BRG-0136,TG-RR-FNR-BRG-0136,136,E. Yadagiri,4.84,Burgul,0.89,COMPLETED,
DOC-BRG-0137,TG-RR-FNR-BRG-0137,137,N. Shankaraiah,3.27,Burgul,0.91,COMPLETED,
DOC-BRG-0138,TG-RR-FNR-BRG-0138,138,P. Suseela,4.94,Burgul,0.88,COMPLETED,
DOC-BRG-0139,TG-RR-FNR-BRG-0139,139,B. Vittal Reddy,6.12,Burgul,0.89,COMPLETED,
DOC-BRG-0140,TG-RR-FNR-BRG-0140,140,K. Padma,5.05,Burgul,0.62,NEEDS_REVIEW,Low OCR confidence in handwritten Tippon annotation
DOC-BRG-0141,TG-RR-FNR-BRG-0141,141,G. Lingaiah,5.19,Burgul,0.97,COMPLETED,
DOC-BRG-0142,TG-RR-FNR-BRG-0142,142,M. Krishna Murthy,4.94,Burgul,0.94,COMPLETED,
DOC-BRG-0143,TG-RR-FNR-BRG-0143,143,S. Venkat Reddy,8.0,Burgul,0.95,COMPLETED,
DOC-BRG-0144,TG-RR-FNR-BRG-0144,144,A. Jagadeeshwar,7.58,Burgul,0.94,COMPLETED,
DOC-BRG-0145,TG-RR-FNR-BRG-0145,145,G. Srinivas Reddy,8.0,Burgul,0.93,COMPLETED,
DOC-BRG-0146,TG-RR-FNR-BRG-0146,146,K. Venkateshwar Rao,3.45,Burgul,0.96,COMPLETED,
DOC-BRG-0147,TG-RR-FNR-BRG-0147,147,M. Lakshmi Bai,2.11,Burgul,0.89,COMPLETED,
DOC-BRG-0148,TG-RR-FNR-BRG-0148,148,P. Anjaneyulu,3.22,Burgul,0.94,COMPLETED,
DOC-BRG-0149,TG-RR-FNR-BRG-0149,149,B. Satyanarayana,1.98,Burgul,0.95,COMPLETED,
DOC-BRG-0150,TG-RR-FNR-BRG-0150,150,T. Ramaiah,15.08,Burgul,0.91,COMPLETED,
DOC-BRG-0151,TG-RR-FNR-BRG-0151,151,Ch. Madhava Reddy,11.16,Burgul,0.91,COMPLETED,
DOC-BRG-0152,TG-RR-FNR-BRG-0152,152,V. Narsimha,10.46,Burgul,0.94,COMPLETED,
DOC-BRG-0153,TG-RR-FNR-BRG-0153,153,S. Kistamma,4.32,Burgul,0.9,COMPLETED,
DOC-BRG-0154,TG-RR-FNR-BRG-0154,154,A. Balraj,3.36,Burgul,0.97,COMPLETED,
DOC-BRG-0155,TG-RR-FNR-BRG-0155,155,M. Mallesh Goud,4.44,Burgul,0.94,COMPLETED,
DOC-BRG-0156,TG-RR-FNR-BRG-0156,156,K. Chandraiah,6.76,Burgul,0.92,COMPLETED,
DOC-BRG-0157,TG-RR-FNR-BRG-0157,157,J. Ramachandra Reddy,2.25,Burgul,0.95,COMPLETED,
DOC-BRG-0158,TG-RR-FNR-BRG-0158,158,D. Gopal Rao,0.83,Burgul,0.97,COMPLETED,
DOC-BRG-0159,TG-RR-FNR-BRG-0159,159,R. Prabhakar,6.62,Burgul,0.95,COMPLETED,
DOC-BRG-0160,TG-RR-FNR-BRG-0160,160,E. Yadagiri,4.85,Burgul,0.89,COMPLETED,
DOC-BRG-0161,TG-RR-FNR-BRG-0161,161,N. Shankaraiah,8.21,Burgul,0.96,COMPLETED,
DOC-BRG-0162,TG-RR-FNR-BRG-0162,162,P. Suseela,3.84,Burgul,0.96,COMPLETED,
DOC-BRG-0163,TG-RR-FNR-BRG-0163,163,B. Vittal Reddy,3.9,Burgul,0.97,COMPLETED,
DOC-BRG-0164,TG-RR-FNR-BRG-0164,164,K. Padma,5.8,Burgul,0.89,COMPLETED,
DOC-BRG-0165,TG-RR-FNR-BRG-0165,165,P. Anjaneyulu,7.03,Burgul,0.44,NEEDS_REVIEW,Owner mismatch: Deed titleholder 'G. Lingaiah' vs Extracted 'P. Anjaneyulu'
DOC-BRG-0166,TG-RR-FNR-BRG-0166,166,M. Krishna Murthy,1.64,Burgul,0.89,COMPLETED,
DOC-BRG-0167,TG-RR-FNR-BRG-0167,167,S. Venkat Reddy,3.87,Burgul,0.93,COMPLETED,
DOC-BRG-0168,TG-RR-FNR-BRG-0168,168,A. Jagadeeshwar,7.42,Burgul,0.93,COMPLETED,
DOC-BRG-0169,TG-RR-FNR-BRG-0169,169,G. Srinivas Reddy,2.34,Burgul,0.95,COMPLETED,
DOC-BRG-0170,TG-RR-FNR-BRG-0170,170,K. Venkateshwar Rao,5.53,Burgul,0.91,COMPLETED,
DOC-BRG-0171,TG-RR-FNR-BRG-0171,171,M. Lakshmi Bai,4.55,Burgul,0.96,COMPLETED,
DOC-BRG-0172,TG-RR-FNR-BRG-0172,172,P. Anjaneyulu,5.7,Burgul,0.96,COMPLETED,
DOC-BRG-0173,TG-RR-FNR-BRG-0173,173,B. Satyanarayana,5.36,Burgul,0.89,COMPLETED,
DOC-BRG-0174,TG-RR-FNR-BRG-0174,174,T. Ramaiah,7.83,Burgul,0.96,COMPLETED,
DOC-BRG-0175,TG-RR-FNR-BRG-0175,175,Ch. Madhava Reddy,8.09,Burgul,0.96,COMPLETED,
DOC-BRG-0176,TG-RR-FNR-BRG-0176,176,V. Narsimha,3.16,Burgul,0.9,COMPLETED,
DOC-BRG-0177,TG-RR-FNR-BRG-0177,177,S. Kistamma,6.92,Burgul,0.98,COMPLETED,
DOC-BRG-0178,TG-RR-FNR-BRG-0178,178,A. Balraj,4.83,Burgul,0.68,NEEDS_REVIEW,Area mismatch: Document states 4.83 Acres vs GIS 4.47 Acres (8.0% diff)
DOC-BRG-0179,TG-RR-FNR-BRG-0179,179,M. Mallesh Goud,2.79,Burgul,0.94,COMPLETED,
DOC-BRG-0180,TG-RR-FNR-BRG-0180,180,K. Chandraiah,6.97,Burgul,0.97,COMPLETED,
DOC-BRG-0181,TG-RR-FNR-BRG-0181,181,J. Ramachandra Reddy,3.73,Burgul,0.96,COMPLETED,
DOC-BRG-0182,TG-RR-FNR-BRG-0182,182,D. Gopal Rao,4.01,Burgul,0.9,COMPLETED,
DOC-BRG-0183,TG-RR-FNR-BRG-0183,183,R. Prabhakar,5.65,Burgul,0.89,COMPLETED,
DOC-BRG-0184,TG-RR-FNR-BRG-0184,184,E. Yadagiri,7.29,Burgul,0.97,COMPLETED,
DOC-BRG-0185,TG-RR-FNR-BRG-0185,185,N. Shankaraiah,5.63,Burgul,0.62,NEEDS_REVIEW,Low OCR confidence in handwritten Tippon annotation
DOC-BRG-0186,TG-RR-FNR-BRG-0186,186,P. Suseela,1.85,Burgul,0.91,COMPLETED,
DOC-BRG-0187,TG-RR-FNR-BRG-0187,187,B. Vittal Reddy,4.71,Burgul,0.98,COMPLETED,
DOC-BRG-0188,TG-RR-FNR-BRG-0188,188,K. Padma,1.89,Burgul,0.96,COMPLETED,
DOC-BRG-0189,TG-RR-FNR-BRG-0189,189,G. Lingaiah,4.63,Burgul,0.88,COMPLETED,
DOC-BRG-0190,TG-RR-FNR-BRG-0190,190,M. Krishna Murthy,2.66,Burgul,0.97,COMPLETED,
DOC-BRG-0191,TG-RR-FNR-BRG-0191,191,S. Venkat Reddy,4.52,Burgul,0.91,COMPLETED,
DOC-BRG-0192,TG-RR-FNR-BRG-0192,192,A. Jagadeeshwar,4.75,Burgul,0.89,COMPLETED,
DOC-BRG-0193,TG-RR-FNR-BRG-0193,193,G. Srinivas Reddy,1.25,Burgul,0.96,COMPLETED,
DOC-BRG-0194,TG-RR-FNR-BRG-0194,194,K. Venkateshwar Rao,8.66,Burgul,0.94,COMPLETED,
DOC-BRG-0195,TG-RR-FNR-BRG-0195,195,M. Lakshmi Bai,8.04,Burgul,0.89,COMPLETED,
DOC-BRG-0196,TG-RR-FNR-BRG-0196,196,P. Anjaneyulu,5.87,Burgul,0.93,COMPLETED,
DOC-BRG-0197,TG-RR-FNR-BRG-0197,197,K. Chandraiah,3.64,Burgul,0.44,NEEDS_REVIEW,Owner mismatch: Deed titleholder 'B. Satyanarayana' vs Extracted 'K. Chandraiah'
DOC-BRG-0198,TG-RR-FNR-BRG-0198,198,T. Ramaiah,4.93,Burgul,0.92,COMPLETED,
DOC-BRG-0199,TG-RR-FNR-BRG-0199,199,Ch. Madhava Reddy,6.62,Burgul,0.93,COMPLETED,
DOC-BRG-0200,TG-RR-FNR-BRG-0200,200,V. Narsimha,5.13,Burgul,0.94,COMPLETED,
DOC-BRG-0201,TG-RR-FNR-BRG-0201,201,S. Kistamma,4.68,Burgul,0.92,COMPLETED,
DOC-BRG-0202,TG-RR-FNR-BRG-0202,202,A. Balraj,2.57,Burgul,0.91,COMPLETED,
DOC-BRG-0203,TG-RR-FNR-BRG-0203,203,M. Mallesh Goud,13.23,Burgul,0.89,COMPLETED,
DOC-BRG-0204,TG-RR-FNR-BRG-0204,204,B. Vittal Reddy,11.66,Burgul,0.44,NEEDS_REVIEW,Owner mismatch: Deed titleholder 'K. Chandraiah' vs Extracted 'B. Vittal Reddy'
DOC-BRG-0205,TG-RR-FNR-BRG-0205,205,J. Ramachandra Reddy,4.16,Burgul,0.94,COMPLETED,
DOC-BRG-0206,TG-RR-FNR-BRG-0206,206,D. Gopal Rao,1.92,Burgul,0.96,COMPLETED,
DOC-BRG-0207,TG-RR-FNR-BRG-0207,207,R. Prabhakar,7.05,Burgul,0.91,COMPLETED,
DOC-BRG-0208,TG-RR-FNR-BRG-0208,208,E. Yadagiri,3.81,Burgul,0.94,COMPLETED,
DOC-BRG-0209,TG-RR-FNR-BRG-0209,209,N. Shankaraiah,3.34,Burgul,0.88,COMPLETED,
DOC-BRG-0210,TG-RR-FNR-BRG-0210,210,P. Suseela,5.87,Burgul,0.97,COMPLETED,
DOC-BRG-0211,TG-RR-FNR-BRG-0211,211,B. Vittal Reddy,9.97,Burgul,0.91,COMPLETED,
DOC-BRG-0212,TG-RR-FNR-BRG-0212,212,K. Padma,4.51,Burgul,0.93,COMPLETED,
DOC-BRG-0213,TG-RR-FNR-BRG-0213,213,G. Lingaiah,5.1,Burgul,0.92,COMPLETED,
DOC-BRG-0214,TG-RR-FNR-BRG-0214,214,M. Krishna Murthy,3.62,Burgul,0.9,COMPLETED,
DOC-BRG-0215,TG-RR-FNR-BRG-0215,215,S. Venkat Reddy,8.05,Burgul,0.68,NEEDS_REVIEW,Area mismatch: Document states 8.05 Acres vs GIS 7.45 Acres (8.0% diff)
DOC-BRG-0216,TG-RR-FNR-BRG-0216,216,A. Jagadeeshwar,4.78,Burgul,0.98,COMPLETED,
DOC-BRG-0217,TG-RR-FNR-BRG-0217,217,G. Srinivas Reddy,1.53,Burgul,0.97,COMPLETED,
DOC-BRG-0218,TG-RR-FNR-BRG-0218,218,K. Venkateshwar Rao,7.01,Burgul,0.94,COMPLETED,
DOC-BRG-0219,TG-RR-FNR-BRG-0219,219,M. Lakshmi Bai,1.47,Burgul,0.98,COMPLETED,
DOC-BRG-0220,TG-RR-FNR-BRG-0220,220,P. Anjaneyulu,6.35,Burgul,0.96,COMPLETED,
DOC-BRG-0221,TG-RR-FNR-BRG-0221,221,B. Satyanarayana,9.29,Burgul,0.93,COMPLETED,
DOC-BRG-0222,TG-RR-FNR-BRG-0222,222,T. Ramaiah,5.68,Burgul,0.92,COMPLETED,
DOC-BRG-0223,TG-RR-FNR-BRG-0223,223,Ch. Madhava Reddy,1.89,Burgul,0.93,COMPLETED,
DOC-BRG-0224,TG-RR-FNR-BRG-0224,224,V. Narsimha,4.21,Burgul,0.96,COMPLETED,
DOC-BRG-0225,TG-RR-FNR-BRG-0225,225,S. Kistamma,7.23,Burgul,0.91,COMPLETED,
DOC-BRG-0226,TG-RR-FNR-BRG-0226,226,A. Balraj,4.05,Burgul,0.89,COMPLETED,
DOC-BRG-0227,TG-RR-FNR-BRG-0227,227,M. Mallesh Goud,1.55,Burgul,0.92,COMPLETED,
DOC-BRG-0228,TG-RR-FNR-BRG-0228,228,K. Chandraiah,1.36,Burgul,0.94,COMPLETED,
DOC-BRG-0229,TG-RR-FNR-BRG-0229,229,J. Ramachandra Reddy,5.04,Burgul,0.98,COMPLETED,
DOC-BRG-0230,TG-RR-FNR-BRG-0230,230,D. Gopal Rao,4.75,Burgul,0.62,NEEDS_REVIEW,Low OCR confidence in handwritten Tippon annotation
DOC-BRG-0231,TG-RR-FNR-BRG-0231,231,R. Prabhakar,2.35,Burgul,0.9,COMPLETED,
DOC-BRG-0232,TG-RR-FNR-BRG-0232,232,E. Yadagiri,11.58,Burgul,0.97,COMPLETED,
DOC-BRG-0233,TG-RR-FNR-BRG-0233,233,N. Shankaraiah,3.36,Burgul,0.99,COMPLETED,
DOC-BRG-0234,TG-RR-FNR-BRG-0234,234,P. Suseela,2.76,Burgul,0.98,COMPLETED,
DOC-BRG-0235,TG-RR-FNR-BRG-0235,235,B. Vittal Reddy,3.32,Burgul,0.89,COMPLETED,
DOC-BRG-0236,TG-RR-FNR-BRG-0236,236,K. Padma,5.81,Burgul,0.93,COMPLETED,
DOC-BRG-0237,TG-RR-FNR-BRG-0237,237,G. Lingaiah,6.1,Burgul,0.91,COMPLETED,
DOC-BRG-0238,TG-RR-FNR-BRG-0238,238,M. Krishna Murthy,3.41,Burgul,0.97,COMPLETED,
DOC-BRG-0239,TG-RR-FNR-BRG-0239,239,S. Venkat Reddy,3.91,Burgul,0.92,COMPLETED,
DOC-BRG-0240,TG-RR-FNR-BRG-0240,240,A. Jagadeeshwar,9.12,Burgul,0.94,COMPLETED,
DOC-BRG-0241,TG-RR-FNR-BRG-0241,241,G. Srinivas Reddy,2.46,Burgul,0.88,COMPLETED,
DOC-BRG-0242,TG-RR-FNR-BRG-0242,242,K. Venkateshwar Rao,2.33,Burgul,0.9,COMPLETED,
DOC-BRG-0243,TG-RR-FNR-BRG-0243,243,M. Lakshmi Bai,6.85,Burgul,0.94,COMPLETED,
DOC-BRG-0244,TG-RR-FNR-BRG-0244,244,P. Anjaneyulu,5.76,Burgul,0.91,COMPLETED,
DOC-BRG-0245,TG-RR-FNR-BRG-0245,245,B. Satyanarayana,2.25,Burgul,0.95,COMPLETED,
DOC-BRG-0246,TG-RR-FNR-BRG-0246,246,T. Ramaiah,7.66,Burgul,0.93,COMPLETED,
DOC-BRG-0247,TG-RR-FNR-BRG-0247,247,Ch. Madhava Reddy,5.56,Burgul,0.95,COMPLETED,
DOC-BRG-0248,TG-RR-FNR-BRG-0248,248,V. Narsimha,4.71,Burgul,0.93,COMPLETED,
DOC-BRG-0249,TG-RR-FNR-BRG-0249,249,S. Kistamma,3.07,Burgul,0.96,COMPLETED,
DOC-BRG-0250,TG-RR-FNR-BRG-0250,250,A. Balraj,2.14,Burgul,0.9,COMPLETED,
DOC-BRG-0251,TG-RR-FNR-BRG-0251,251,M. Mallesh Goud,4.76,Burgul,0.98,COMPLETED,
DOC-BRG-0252,TG-RR-FNR-BRG-0252,252,K. Chandraiah,5.32,Burgul,0.96,COMPLETED,
DOC-BRG-0253,TG-RR-FNR-BRG-0253,253,J. Ramachandra Reddy,7.76,Burgul,0.91,COMPLETED,
DOC-BRG-0254,TG-RR-FNR-BRG-0254,254,D. Gopal Rao,5.81,Burgul,0.88,COMPLETED,
DOC-BRG-0255,TG-RR-FNR-BRG-0255,255,M. Krishna Murthy,3.78,Burgul,0.44,NEEDS_REVIEW,Owner mismatch: Deed titleholder 'R. Prabhakar' vs Extracted 'M. Krishna Murthy'
DOC-BRG-0256,TG-RR-FNR-BRG-0256,256,E. Yadagiri,8.39,Burgul,0.93,COMPLETED,
DOC-BRG-0257,TG-RR-FNR-BRG-0257,257,N. Shankaraiah,3.96,Burgul,0.91,COMPLETED,
DOC-BRG-0258,TG-RR-FNR-BRG-0258,258,P. Suseela,7.85,Burgul,0.92,COMPLETED,
DOC-BRG-0259,TG-RR-FNR-BRG-0259,259,B. Vittal Reddy,6.54,Burgul,0.97,COMPLETED,
DOC-BRG-0260,TG-RR-FNR-BRG-0260,260,K. Padma,4.16,Burgul,0.98,COMPLETED,
DOC-BRG-0261,TG-RR-FNR-BRG-0261,261,G. Lingaiah,2.98,Burgul,0.98,COMPLETED,
DOC-BRG-0262,TG-RR-FNR-BRG-0262,262,M. Krishna Murthy,4.12,Burgul,0.88,COMPLETED,
DOC-BRG-0263,TG-RR-FNR-BRG-0263,263,S. Venkat Reddy,10.38,Burgul,0.95,COMPLETED,
DOC-BRG-0264,TG-RR-FNR-BRG-0264,264,A. Jagadeeshwar,3.36,Burgul,0.97,COMPLETED,
DOC-BRG-0265,TG-RR-FNR-BRG-0265,265,G. Srinivas Reddy,8.38,Burgul,0.96,COMPLETED,
DOC-BRG-0266,TG-RR-FNR-BRG-0266,266,K. Venkateshwar Rao,4.83,Burgul,0.89,COMPLETED,
DOC-BRG-0267,TG-RR-FNR-BRG-0267,267,M. Lakshmi Bai,2.05,Burgul,0.68,NEEDS_REVIEW,Area mismatch: Document states 2.05 Acres vs GIS 1.9 Acres (8.0% diff)
DOC-BRG-0268,TG-RR-FNR-BRG-0268,268,P. Anjaneyulu,2.48,Burgul,0.94,COMPLETED,
DOC-BRG-0269,TG-RR-FNR-BRG-0269,269,B. Satyanarayana,9.76,Burgul,0.91,COMPLETED,
DOC-BRG-0270,TG-RR-FNR-BRG-0270,270,T. Ramaiah,3.4,Burgul,0.93,COMPLETED,
DOC-BRG-0271,TG-RR-FNR-BRG-0271,271,Ch. Madhava Reddy,5.41,Burgul,0.89,COMPLETED,
DOC-BRG-0272,TG-RR-FNR-BRG-0272,272,V. Narsimha,3.93,Burgul,0.99,COMPLETED,
DOC-BRG-0273,TG-RR-FNR-BRG-0273,273,S. Kistamma,6.71,Burgul,0.96,COMPLETED,
DOC-BRG-0274,TG-RR-FNR-BRG-0274,274,A. Balraj,5.88,Burgul,0.89,COMPLETED,
DOC-BRG-0275,TG-RR-FNR-BRG-0275,275,M. Mallesh Goud,3.1,Burgul,0.62,NEEDS_REVIEW,Low OCR confidence in handwritten Tippon annotation
DOC-BRG-0276,TG-RR-FNR-BRG-0276,276,K. Chandraiah,4.14,Burgul,0.98,COMPLETED,
DOC-BRG-0277,TG-RR-FNR-BRG-0277,277,J. Ramachandra Reddy,3.91,Burgul,0.98,COMPLETED,
DOC-BRG-0278,TG-RR-FNR-BRG-0278,278,D. Gopal Rao,6.98,Burgul,0.94,COMPLETED,
DOC-BRG-0279,TG-RR-FNR-BRG-0279,279,R. Prabhakar,2.63,Burgul,0.96,COMPLETED,
DOC-BRG-0280,TG-RR-FNR-BRG-0280,280,E. Yadagiri,2.02,Burgul,0.92,COMPLETED,
DOC-BRG-0281,TG-RR-FNR-BRG-0281,281,N. Shankaraiah,9.05,Burgul,0.99,COMPLETED,
DOC-BRG-0282,TG-RR-FNR-BRG-0282,282,P. Suseela,6.26,Burgul,0.89,COMPLETED,
DOC-BRG-0283,TG-RR-FNR-BRG-0283,283,B. Vittal Reddy,6.24,Burgul,0.89,COMPLETED,
DOC-BRG-0284,TG-RR-FNR-BRG-0284,284,K. Padma,6.35,Burgul,0.89,COMPLETED,
DOC-BRG-0285,TG-RR-FNR-BRG-0285,285,G. Lingaiah,1.51,Burgul,0.97,COMPLETED,
DOC-BRG-0286,TG-RR-FNR-BRG-0286,286,M. Krishna Murthy,5.33,Burgul,0.89,COMPLETED,
DOC-BRG-0287,TG-RR-FNR-BRG-0287,287,S. Venkat Reddy,6.61,Burgul,0.94,COMPLETED,
DOC-BRG-0288,TG-RR-FNR-BRG-0288,288,A. Jagadeeshwar,2.22,Burgul,0.93,COMPLETED,
DOC-BRG-0289,TG-RR-FNR-BRG-0289,289,G. Srinivas Reddy,0.79,Burgul,0.99,COMPLETED,
DOC-BRG-0290,TG-RR-FNR-BRG-0290,290,K. Venkateshwar Rao,5.25,Burgul,0.91,COMPLETED,
DOC-BRG-0291,TG-RR-FNR-BRG-0291,291,M. Lakshmi Bai,5.97,Burgul,0.91,COMPLETED,
DOC-BRG-0292,TG-RR-FNR-BRG-0292,292,P. Anjaneyulu,11.13,Burgul,0.91,COMPLETED,
DOC-BRG-0293,TG-RR-FNR-BRG-0293,293,B. Satyanarayana,5.75,Burgul,0.97,COMPLETED,
DOC-BRG-0294,TG-RR-FNR-BRG-0294,294,T. Ramaiah,2.14,Burgul,0.96,COMPLETED,
DOC-BRG-0295,TG-RR-FNR-BRG-0295,295,Ch. Madhava Reddy,6.13,Burgul,0.96,COMPLETED,
DOC-BRG-0296,TG-RR-FNR-BRG-0296,296,V. Narsimha,4.86,Burgul,0.91,COMPLETED,
DOC-BRG-0297,TG-RR-FNR-BRG-0297,297,S. Kistamma,0.63,Burgul,0.91,COMPLETED,
DOC-BRG-0298,TG-RR-FNR-BRG-0298,298,N. Shankaraiah,1.39,Burgul,0.44,NEEDS_REVIEW,Owner mismatch: Deed titleholder 'A. Balraj' vs Extracted 'N. Shankaraiah'
DOC-BRG-0299,TG-RR-FNR-BRG-0299,299,M. Mallesh Goud,3.93,Burgul,0.89,COMPLETED,
DOC-BRG-0300,TG-RR-FNR-BRG-0300,300,K. Chandraiah,8.08,Burgul,0.9,COMPLETED,
DOC-BRG-0301,TG-RR-FNR-BRG-0301,301,J. Ramachandra Reddy,7.29,Burgul,0.97,COMPLETED,
DOC-BRG-0302,TG-RR-FNR-BRG-0302,302,D. Gopal Rao,6.4,Burgul,0.94,COMPLETED,
DOC-BRG-0303,TG-RR-FNR-BRG-0303,303,R. Prabhakar,3.48,Burgul,0.9,COMPLETED,
DOC-BRG-0304,TG-RR-FNR-BRG-0304,304,E. Yadagiri,1.06,Burgul,0.9,COMPLETED,
DOC-BRG-0305,TG-RR-FNR-BRG-0305,305,N. Shankaraiah,4.76,Burgul,0.93,COMPLETED,
DOC-BRG-0306,TG-RR-FNR-BRG-0306,306,P. Suseela,6.79,Burgul,0.92,COMPLETED,
DOC-BRG-0307,TG-RR-FNR-BRG-0307,307,B. Vittal Reddy,3.85,Burgul,0.94,COMPLETED,
DOC-BRG-0308,TG-RR-FNR-BRG-0308,308,K. Padma,3.82,Burgul,0.99,COMPLETED,
DOC-BRG-0309,TG-RR-FNR-BRG-0309,309,G. Lingaiah,2.72,Burgul,0.9,COMPLETED,
DOC-BRG-0310,TG-RR-FNR-BRG-0310,310,M. Krishna Murthy,6.1,Burgul,0.91,COMPLETED,
DOC-BRG-0311,TG-RR-FNR-BRG-0311,311,S. Venkat Reddy,6.15,Burgul,0.91,COMPLETED,
DOC-BRG-0312,TG-RR-FNR-BRG-0312,312,A. Jagadeeshwar,1.86,Burgul,0.68,NEEDS_REVIEW,Area mismatch: Document states 1.86 Acres vs GIS 1.72 Acres (8.0% diff)
DOC-BRG-0313,TG-RR-FNR-BRG-0313,313,G. Srinivas Reddy,3.39,Burgul,0.89,COMPLETED,
DOC-BRG-0314,TG-RR-FNR-BRG-0314,314,K. Venkateshwar Rao,5.06,Burgul,0.9,COMPLETED,
DOC-BRG-0315,TG-RR-FNR-BRG-0315,315,M. Lakshmi Bai,7.13,Burgul,0.96,COMPLETED,
DOC-BRG-0316,TG-RR-FNR-BRG-0316,316,P. Anjaneyulu,2.22,Burgul,0.97,COMPLETED,
DOC-BRG-0317,TG-RR-FNR-BRG-0317,317,B. Satyanarayana,8.25,Burgul,0.96,COMPLETED,
DOC-BRG-0318,TG-RR-FNR-BRG-0318,318,T. Ramaiah,2.14,Burgul,0.88,COMPLETED,
DOC-BRG-0319,TG-RR-FNR-BRG-0319,319,Ch. Madhava Reddy,7.07,Burgul,0.97,COMPLETED,
DOC-BRG-0320,TG-RR-FNR-BRG-0320,320,V. Narsimha,9.55,Burgul,0.62,NEEDS_REVIEW,Low OCR confidence in handwritten Tippon annotation
DOC-BRG-0321,TG-RR-FNR-BRG-0321,321,S. Kistamma,5.19,Burgul,0.92,COMPLETED,
DOC-BRG-0322,TG-RR-FNR-BRG-0322,322,A. Balraj,9.57,Burgul,0.89,COMPLETED,
DOC-BRG-0323,TG-RR-FNR-BRG-0323,323,M. Mallesh Goud,3.12,Burgul,0.91,COMPLETED,
DOC-BRG-0324,TG-RR-FNR-BRG-0324,324,K. Chandraiah,3.71,Burgul,0.92,COMPLETED,
DOC-BRG-0325,TG-RR-FNR-BRG-0325,325,J. Ramachandra Reddy,3.95,Burgul,0.94,COMPLETED,
DOC-BRG-0326,TG-RR-FNR-BRG-0326,326,D. Gopal Rao,2.55,Burgul,0.95,COMPLETED,
DOC-BRG-0327,TG-RR-FNR-BRG-0327,327,R. Prabhakar,2.75,Burgul,0.91,COMPLETED,
DOC-BRG-0328,TG-RR-FNR-BRG-0328,328,E. Yadagiri,2.31,Burgul,0.99,COMPLETED,
DOC-BRG-0329,TG-RR-FNR-BRG-0329,329,N. Shankaraiah,2.05,Burgul,0.88,COMPLETED,
DOC-BRG-0330,TG-RR-FNR-BRG-0330,330,P. Suseela,1.99,Burgul,0.92,COMPLETED,
DOC-BRG-0331,TG-RR-FNR-BRG-0331,331,B. Vittal Reddy,4.78,Burgul,0.93,COMPLETED,
DOC-BRG-0332,TG-RR-FNR-BRG-0332,332,K. Padma,10.97,Burgul,0.96,COMPLETED,
DOC-BRG-0333,TG-RR-FNR-BRG-0333,333,G. Lingaiah,10.6,Burgul,0.91,COMPLETED,
DOC-BRG-0334,TG-RR-FNR-BRG-0334,334,M. Krishna Murthy,0.97,Burgul,0.93,COMPLETED,
DOC-BRG-0335,TG-RR-FNR-BRG-0335,335,T. Ramaiah,1.59,Burgul,0.44,NEEDS_REVIEW,Owner mismatch: Deed titleholder 'S. Venkat Reddy' vs Extracted 'T. Ramaiah'
DOC-BRG-0336,TG-RR-FNR-BRG-0336,336,A. Jagadeeshwar,4.3,Burgul,0.97,COMPLETED,
DOC-BRG-0337,TG-RR-FNR-BRG-0337,337,G. Srinivas Reddy,2.27,Burgul,0.9,COMPLETED,
DOC-BRG-0338,TG-RR-FNR-BRG-0338,338,K. Venkateshwar Rao,5.16,Burgul,0.88,COMPLETED,
DOC-BRG-0339,TG-RR-FNR-BRG-0339,339,M. Lakshmi Bai,6.61,Burgul,0.97,COMPLETED,
DOC-BRG-0340,TG-RR-FNR-BRG-0340,340,P. Anjaneyulu,1.44,Burgul,0.99,COMPLETED,
DOC-BRG-0341,TG-RR-FNR-BRG-0341,341,B. Satyanarayana,7.53,Burgul,0.89,COMPLETED,
DOC-BRG-0342,TG-RR-FNR-BRG-0342,342,T. Ramaiah,3.57,Burgul,0.97,COMPLETED,
DOC-BRG-0343,TG-RR-FNR-BRG-0343,343,Ch. Madhava Reddy,4.95,Burgul,0.92,COMPLETED,
DOC-BRG-0344,TG-RR-FNR-BRG-0344,344,V. Narsimha,1.73,Burgul,0.95,COMPLETED,
DOC-BRG-0345,TG-RR-FNR-BRG-0345,345,S. Kistamma,7.18,Burgul,0.95,COMPLETED,
DOC-BRG-0346,TG-RR-FNR-BRG-0346,346,A. Balraj,8.44,Burgul,0.94,COMPLETED,
DOC-BRG-0347,TG-RR-FNR-BRG-0347,347,M. Mallesh Goud,6.99,Burgul,0.91,COMPLETED,
DOC-BRG-0348,TG-RR-FNR-BRG-0348,348,K. Chandraiah,9.82,Burgul,0.68,NEEDS_REVIEW,Area mismatch: Document states 9.82 Acres vs GIS 9.09 Acres (8.0% diff)
DOC-BRG-0349,TG-RR-FNR-BRG-0349,349,J. Ramachandra Reddy,16.81,Burgul,0.97,COMPLETED,
DOC-BRG-0350,TG-RR-FNR-BRG-0350,350,D. Gopal Rao,6.03,Burgul,0.88,COMPLETED,
DOC-BRG-0351,TG-RR-FNR-BRG-0351,351,R. Prabhakar,3.39,Burgul,0.89,COMPLETED,
DOC-BRG-0352,TG-RR-FNR-BRG-0352,352,E. Yadagiri,4.54,Burgul,0.98,COMPLETED,
DOC-BRG-0353,TG-RR-FNR-BRG-0353,353,N. Shankaraiah,2.63,Burgul,0.93,COMPLETED,
DOC-BRG-0354,TG-RR-FNR-BRG-0354,354,P. Suseela,2.97,Burgul,0.89,COMPLETED,
DOC-BRG-0355,TG-RR-FNR-BRG-0355,355,B. Vittal Reddy,5.15,Burgul,0.98,COMPLETED,
DOC-BRG-0356,TG-RR-FNR-BRG-0356,356,K. Padma,6.61,Burgul,0.97,COMPLETED,
DOC-BRG-0357,TG-RR-FNR-BRG-0357,357,G. Lingaiah,3.44,Burgul,0.92,COMPLETED,
DOC-BRG-0358,TG-RR-FNR-BRG-0358,358,M. Krishna Murthy,7.74,Burgul,0.88,COMPLETED,
DOC-BRG-0359,TG-RR-FNR-BRG-0359,359,S. Venkat Reddy,5.35,Burgul,0.93,COMPLETED,
DOC-BRG-0360,TG-RR-FNR-BRG-0360,360,A. Jagadeeshwar,6.17,Burgul,0.9,COMPLETED,
DOC-BRG-0361,TG-RR-FNR-BRG-0361,361,G. Srinivas Reddy,11.95,Burgul,0.94,COMPLETED,
DOC-BRG-0362,TG-RR-FNR-BRG-0362,362,K. Venkateshwar Rao,3.49,Burgul,0.97,COMPLETED,
DOC-BRG-0363,TG-RR-FNR-BRG-0363,363,M. Lakshmi Bai,1.51,Burgul,0.92,COMPLETED,
DOC-BRG-0364,TG-RR-FNR-BRG-0364,364,P. Anjaneyulu,6.1,Burgul,0.88,COMPLETED,
DOC-BRG-0365,TG-RR-FNR-BRG-0365,365,B. Satyanarayana,7.21,Burgul,0.62,NEEDS_REVIEW,Low OCR confidence in handwritten Tippon annotation
DOC-BRG-0366,TG-RR-FNR-BRG-0366,366,T. Ramaiah,3.51,Burgul,0.96,COMPLETED,
DOC-BRG-0367,TG-RR-FNR-BRG-0367,367,Ch. Madhava Reddy,1.92,Burgul,0.9,COMPLETED,
DOC-BRG-0368,TG-RR-FNR-BRG-0368,368,V. Narsimha,6.78,Burgul,0.9,COMPLETED,
DOC-BRG-0369,TG-RR-FNR-BRG-0369,369,S. Kistamma,3.62,Burgul,0.9,COMPLETED,
DOC-BRG-0370,TG-RR-FNR-BRG-0370,370,A. Balraj,9.93,Burgul,0.91,COMPLETED,
DOC-BRG-0371,TG-RR-FNR-BRG-0371,371,M. Mallesh Goud,4.06,Burgul,0.98,COMPLETED,
DOC-BRG-0372,TG-RR-FNR-BRG-0372,372,K. Chandraiah,3.81,Burgul,0.88,COMPLETED,
DOC-BRG-0373,TG-RR-FNR-BRG-0373,373,J. Ramachandra Reddy,6.19,Burgul,0.95,COMPLETED,
DOC-BRG-0374,TG-RR-FNR-BRG-0374,374,D. Gopal Rao,8.35,Burgul,0.91,COMPLETED,
DOC-BRG-0375,TG-RR-FNR-BRG-0375,375,R. Prabhakar,2.68,Burgul,0.91,COMPLETED,
DOC-BRG-0376,TG-RR-FNR-BRG-0376,376,E. Yadagiri,10.35,Burgul,0.93,COMPLETED,
DOC-BRG-0377,TG-RR-FNR-BRG-0377,377,N. Shankaraiah,8.72,Burgul,0.94,COMPLETED,
DOC-BRG-0378,TG-RR-FNR-BRG-0378,378,P. Suseela,4.18,Burgul,0.89,COMPLETED,
DOC-BRG-0379,TG-RR-FNR-BRG-0379,379,B. Vittal Reddy,10.16,Burgul,0.91,COMPLETED,
DOC-BRG-0380,TG-RR-FNR-BRG-0380,380,M. Lakshmi Bai,6.9,Burgul,0.44,NEEDS_REVIEW,Owner mismatch: Deed titleholder 'K. Padma' vs Extracted 'M. Lakshmi Bai'
DOC-BRG-0381,TG-RR-FNR-BRG-0381,381,G. Lingaiah,3.59,Burgul,0.9,COMPLETED,
DOC-BRG-0382,TG-RR-FNR-BRG-0382,382,M. Krishna Murthy,10.37,Burgul,0.9,COMPLETED,
DOC-BRG-0383,TG-RR-FNR-BRG-0383,383,S. Venkat Reddy,3.71,Burgul,0.98,COMPLETED,
DOC-BRG-0384,TG-RR-FNR-BRG-0384,384,A. Jagadeeshwar,13.44,Burgul,0.94,COMPLETED,
DOC-BRG-0385,TG-RR-FNR-BRG-0385,385,G. Srinivas Reddy,5.8,Burgul,0.95,COMPLETED,
DOC-BRG-0386,TG-RR-FNR-BRG-0386,386,K. Venkateshwar Rao,3.67,Burgul,0.97,COMPLETED,
DOC-BRG-0387,TG-RR-FNR-BRG-0387,387,M. Lakshmi Bai,2.78,Burgul,0.97,COMPLETED,
DOC-BRG-0388,TG-RR-FNR-BRG-0388,388,P. Anjaneyulu,9.17,Burgul,0.99,COMPLETED,
DOC-BRG-0389,TG-RR-FNR-BRG-0389,389,B. Satyanarayana,10.5,Burgul,0.97,COMPLETED,
DOC-BRG-0390,TG-RR-FNR-BRG-0390,390,T. Ramaiah,14.7,Burgul,0.92,COMPLETED,
DOC-BRG-0391,TG-RR-FNR-BRG-0391,391,Ch. Madhava Reddy,7.0,Burgul,0.94,COMPLETED,
DOC-BRG-0392,TG-RR-FNR-BRG-0392,392,V. Narsimha,1.91,Burgul,0.93,COMPLETED,
DOC-BRG-0393,TG-RR-FNR-BRG-0393,393,S. Kistamma,11.75,Burgul,0.98,COMPLETED,
DOC-BRG-0394,TG-RR-FNR-BRG-0394,394,A. Balraj,1.94,Burgul,0.94,COMPLETED,
DOC-BRG-0395,TG-RR-FNR-BRG-0395,395,M. Mallesh Goud,1.52,Burgul,0.92,COMPLETED,
DOC-BRG-0396,TG-RR-FNR-BRG-0396,396,K. Chandraiah,2.98,Burgul,0.9,COMPLETED,
DOC-BRG-0397,TG-RR-FNR-BRG-0397,397,J. Ramachandra Reddy,6.0,Burgul,0.92,COMPLETED,
DOC-BRG-0398,TG-RR-FNR-BRG-0398,398,D. Gopal Rao,3.79,Burgul,0.9,COMPLETED,
DOC-BRG-0399,TG-RR-FNR-BRG-0399,399,R. Prabhakar,4.02,Burgul,0.98,COMPLETED,
DOC-BRG-0400,TG-RR-FNR-BRG-0400,400,E. Yadagiri,1.97,Burgul,0.97,COMPLETED,
DOC-BRG-0401,TG-RR-FNR-BRG-0401,401,N. Shankaraiah,2.48,Burgul,0.89,COMPLETED,
DOC-BRG-0402,TG-RR-FNR-BRG-0402,402,P. Suseela,1.4,Burgul,0.99,COMPLETED,
DOC-BRG-0403,TG-RR-FNR-BRG-0403,403,B. Vittal Reddy,4.74,Burgul,0.94,COMPLETED,
DOC-BRG-0404,TG-RR-FNR-BRG-0404,404,K. Padma,4.1,Burgul,0.96,COMPLETED,
DOC-BRG-0405,TG-RR-FNR-BRG-0405,405,G. Lingaiah,7.66,Burgul,0.99,COMPLETED,
DOC-BRG-0406,TG-RR-FNR-BRG-0406,406,M. Krishna Murthy,4.73,Burgul,0.99,COMPLETED,
DOC-BRG-0407,TG-RR-FNR-BRG-0407,407,S. Venkat Reddy,9.43,Burgul,0.89,COMPLETED,
DOC-BRG-0408,TG-RR-FNR-BRG-0408,408,A. Jagadeeshwar,6.18,Burgul,0.95,COMPLETED,
DOC-BRG-0409,TG-RR-FNR-BRG-0409,409,G. Srinivas Reddy,6.6,Burgul,0.91,COMPLETED,
DOC-BRG-0410,TG-RR-FNR-BRG-0410,410,K. Venkateshwar Rao,6.4,Burgul,0.62,NEEDS_REVIEW,Low OCR confidence in handwritten Tippon annotation
DOC-BRG-0411,TG-RR-FNR-BRG-0411,411,M. Lakshmi Bai,5.89,Burgul,0.97,COMPLETED,
DOC-BRG-0412,TG-RR-FNR-BRG-0412,412,P. Anjaneyulu,6.13,Burgul,0.68,NEEDS_REVIEW,Area mismatch: Document states 6.13 Acres vs GIS 5.68 Acres (8.0% diff)
DOC-BRG-0413,TG-RR-FNR-BRG-0413,413,B. Satyanarayana,13.89,Burgul,0.98,COMPLETED,
DOC-BRG-0414,TG-RR-FNR-BRG-0414,414,T. Ramaiah,10.32,Burgul,0.89,COMPLETED,
DOC-BRG-0415,TG-RR-FNR-BRG-0415,415,Ch. Madhava Reddy,7.56,Burgul,0.99,COMPLETED,
DOC-BRG-0416,TG-RR-FNR-BRG-0416,416,V. Narsimha,3.65,Burgul,0.9,COMPLETED,
DOC-BRG-0417,TG-RR-FNR-BRG-0417,417,S. Kistamma,2.62,Burgul,0.97,COMPLETED,
DOC-BRG-0418,TG-RR-FNR-BRG-0418,418,A. Balraj,5.91,Burgul,0.97,COMPLETED,
DOC-BRG-0419,TG-RR-FNR-BRG-0419,419,M. Mallesh Goud,4.75,Burgul,0.92,COMPLETED,
DOC-BRG-0420,TG-RR-FNR-BRG-0420,420,K. Chandraiah,17.01,Burgul,0.97,COMPLETED,
DOC-BRG-0421,TG-RR-FNR-BRG-0421,421,J. Ramachandra Reddy,6.33,Burgul,0.97,COMPLETED,
DOC-BRG-0422,TG-RR-FNR-BRG-0422,422,D. Gopal Rao,10.68,Burgul,0.9,COMPLETED,
DOC-BRG-0423,TG-RR-FNR-BRG-0423,423,R. Prabhakar,10.57,Burgul,0.95,COMPLETED,
DOC-BRG-0424,TG-RR-FNR-BRG-0424,424,E. Yadagiri,5.75,Burgul,0.97,COMPLETED,
DOC-BRG-0425,TG-RR-FNR-BRG-0425,425,A. Jagadeeshwar,2.18,Burgul,0.44,NEEDS_REVIEW,Owner mismatch: Deed titleholder 'N. Shankaraiah' vs Extracted 'A. Jagadeeshwar'
DOC-BRG-0426,TG-RR-FNR-BRG-0426,426,P. Suseela,4.9,Burgul,0.96,COMPLETED,
DOC-BRG-0427,TG-RR-FNR-BRG-0427,427,B. Vittal Reddy,12.6,Burgul,0.98,COMPLETED,
DOC-BRG-0428,TG-RR-FNR-BRG-0428,428,K. Padma,4.35,Burgul,0.88,COMPLETED,
DOC-BRG-0429,TG-RR-FNR-BRG-0429,429,G. Lingaiah,8.1,Burgul,0.96,COMPLETED,
DOC-BRG-0430,TG-RR-FNR-BRG-0430,430,M. Krishna Murthy,5.88,Burgul,0.98,COMPLETED,
DOC-BRG-0431,TG-RR-FNR-BRG-0431,431,S. Venkat Reddy,10.95,Burgul,0.94,COMPLETED,
DOC-BRG-0432,TG-RR-FNR-BRG-0432,432,A. Jagadeeshwar,11.8,Burgul,0.94,COMPLETED,
DOC-BRG-0433,TG-RR-FNR-BRG-0433,433,G. Srinivas Reddy,11.36,Burgul,0.9,COMPLETED,
DOC-BRG-0434,TG-RR-FNR-BRG-0434,434,K. Venkateshwar Rao,6.68,Burgul,0.99,COMPLETED,
DOC-BRG-0435,TG-RR-FNR-BRG-0435,435,M. Lakshmi Bai,8.93,Burgul,0.98,COMPLETED,
DOC-BRG-0436,TG-RR-FNR-BRG-0436,436,P. Anjaneyulu,5.77,Burgul,0.93,COMPLETED,
DOC-BRG-0437,TG-RR-FNR-BRG-0437,437,B. Satyanarayana,10.92,Burgul,0.91,COMPLETED,
DOC-BRG-0438,TG-RR-FNR-BRG-0438,438,T. Ramaiah,11.3,Burgul,0.93,COMPLETED,
DOC-BRG-0439,TG-RR-FNR-BRG-0439,439,Ch. Madhava Reddy,3.81,Burgul,0.89,COMPLETED,
DOC-BRG-0440,TG-RR-FNR-BRG-0440,440,V. Narsimha,2.05,Burgul,0.91,COMPLETED,
DOC-BRG-0441,TG-RR-FNR-BRG-0441,441,S. Kistamma,7.95,Burgul,0.9,COMPLETED,
DOC-BRG-0442,TG-RR-FNR-BRG-0442,442,A. Balraj,13.52,Burgul,0.94,COMPLETED,
DOC-BRG-0443,TG-RR-FNR-BRG-0443,443,M. Mallesh Goud,7.37,Burgul,0.88,COMPLETED,
DOC-BRG-0444,TG-RR-FNR-BRG-0444,444,K. Chandraiah,9.39,Burgul,0.98,COMPLETED,
DOC-BRG-0445,TG-RR-FNR-BRG-0445,445,J. Ramachandra Reddy,11.31,Burgul,0.9,COMPLETED,
DOC-BRG-0446,TG-RR-FNR-BRG-0446,446,D. Gopal Rao,10.82,Burgul,0.89,COMPLETED,
DOC-BRG-0447,TG-RR-FNR-BRG-0447,447,R. Prabhakar,4.42,Burgul,0.96,COMPLETED,
DOC-BRG-0448,TG-RR-FNR-BRG-0448,448,E. Yadagiri,18.84,Burgul,0.98,COMPLETED,
DOC-BRG-0449,TG-RR-FNR-BRG-0449,449,N. Shankaraiah,12.42,Burgul,0.97,COMPLETED,
DOC-BRG-0450,TG-RR-FNR-BRG-0450,450,P. Suseela,5.8,Burgul,0.68,NEEDS_REVIEW,Area mismatch: Document states 5.8 Acres vs GIS 5.37 Acres (8.0% diff)
DOC-BRG-0451,TG-RR-FNR-BRG-0451,451,B. Vittal Reddy,8.69,Burgul,0.92,COMPLETED,
DOC-BRG-0452,TG-RR-FNR-BRG-0452,452,K. Padma,7.29,Burgul,0.88,COMPLETED,
DOC-BRG-0453,TG-RR-FNR-BRG-0453,453,G. Lingaiah,6.91,Burgul,0.94,COMPLETED,
DOC-BRG-0454,TG-RR-FNR-BRG-0454,454,M. Krishna Murthy,5.35,Burgul,0.98,COMPLETED,
DOC-BRG-0455,TG-RR-FNR-BRG-0455,455,S. Venkat Reddy,9.13,Burgul,0.62,NEEDS_REVIEW,Low OCR confidence in handwritten Tippon annotation
DOC-BRG-0456,TG-RR-FNR-BRG-0456,456,A. Jagadeeshwar,6.58,Burgul,0.97,COMPLETED,
DOC-BRG-0457,TG-RR-FNR-BRG-0457,457,G. Srinivas Reddy,9.97,Burgul,0.97,COMPLETED,
DOC-BRG-0458,TG-RR-FNR-BRG-0458,458,K. Venkateshwar Rao,9.41,Burgul,0.97,COMPLETED,
DOC-BRG-0459,TG-RR-FNR-BRG-0459,459,M. Lakshmi Bai,8.93,Burgul,0.99,COMPLETED,
DOC-BRG-0460,TG-RR-FNR-BRG-0460,460,P. Anjaneyulu,2.4,Burgul,0.92,COMPLETED,
DOC-BRG-0461,TG-RR-FNR-BRG-0461,461,B. Satyanarayana,4.64,Burgul,0.98,COMPLETED,
DOC-BRG-0462,TG-RR-FNR-BRG-0462,462,T. Ramaiah,5.17,Burgul,0.92,COMPLETED,
DOC-BRG-0463,TG-RR-FNR-BRG-0463,463,Ch. Madhava Reddy,5.65,Burgul,0.89,COMPLETED,
DOC-BRG-0464,TG-RR-FNR-BRG-0464,464,V. Narsimha,4.35,Burgul,0.91,COMPLETED,
DOC-BRG-0465,TG-RR-FNR-BRG-0465,465,S. Kistamma,3.1,Burgul,0.9,COMPLETED,
DOC-BRG-0466,TG-RR-FNR-BRG-0466,466,A. Balraj,5.65,Burgul,0.9,COMPLETED,
DOC-BRG-0467,TG-RR-FNR-BRG-0467,467,M. Mallesh Goud,12.49,Burgul,0.98,COMPLETED,
DOC-BRG-0468,TG-RR-FNR-BRG-0468,468,K. Chandraiah,16.84,Burgul,0.97,COMPLETED,
DOC-BRG-0469,TG-RR-FNR-BRG-0469,469,J. Ramachandra Reddy,1.23,Burgul,0.99,COMPLETED,
DOC-BRG-0470,TG-RR-FNR-BRG-0470,470,G. Lingaiah,5.35,Burgul,0.44,NEEDS_REVIEW,Owner mismatch: Deed titleholder 'D. Gopal Rao' vs Extracted 'G. Lingaiah'
DOC-BRG-0471,TG-RR-FNR-BRG-0471,471,R. Prabhakar,4.03,Burgul,0.95,COMPLETED,
DOC-BRG-0472,TG-RR-FNR-BRG-0472,472,E. Yadagiri,1.27,Burgul,0.9,COMPLETED,
DOC-BRG-0473,TG-RR-FNR-BRG-0473,473,N. Shankaraiah,11.62,Burgul,0.99,COMPLETED,
DOC-BRG-0474,TG-RR-FNR-BRG-0474,474,P. Suseela,3.78,Burgul,0.96,COMPLETED,
DOC-BRG-0475,TG-RR-FNR-BRG-0475,475,B. Vittal Reddy,7.38,Burgul,0.98,COMPLETED,
DOC-BRG-0476,TG-RR-FNR-BRG-0476,476,K. Padma,6.0,Burgul,0.97,COMPLETED,
DOC-BRG-0477,TG-RR-FNR-BRG-0477,477,G. Lingaiah,10.05,Burgul,0.9,COMPLETED,
DOC-BRG-0478,TG-RR-FNR-BRG-0478,478,M. Krishna Murthy,17.22,Burgul,0.94,COMPLETED,
DOC-BRG-0479,TG-RR-FNR-BRG-0479,479,S. Venkat Reddy,4.88,Burgul,0.9,COMPLETED,
DOC-BRG-0480,TG-RR-FNR-BRG-0480,480,A. Jagadeeshwar,5.08,Burgul,0.91,COMPLETED,
DOC-BRG-0481,TG-RR-FNR-BRG-0481,481,G. Srinivas Reddy,6.29,Burgul,0.96,COMPLETED,
DOC-BRG-0482,TG-RR-FNR-BRG-0482,482,K. Venkateshwar Rao,6.65,Burgul,0.89,COMPLETED,
DOC-BRG-0483,TG-RR-FNR-BRG-0483,483,M. Lakshmi Bai,7.38,Burgul,0.96,COMPLETED,
DOC-BRG-0484,TG-RR-FNR-BRG-0484,484,P. Anjaneyulu,3.46,Burgul,0.98,COMPLETED,
DOC-BRG-0485,TG-RR-FNR-BRG-0485,485,B. Satyanarayana,1.97,Burgul,0.98,COMPLETED,
DOC-BRG-0486,TG-RR-FNR-BRG-0486,486,T. Ramaiah,4.42,Burgul,0.92,COMPLETED,
DOC-BRG-0487,TG-RR-FNR-BRG-0487,487,Ch. Madhava Reddy,4.93,Burgul,0.99,COMPLETED,
DOC-BRG-0488,TG-RR-FNR-BRG-0488,488,V. Narsimha,3.24,Burgul,0.99,COMPLETED,
DOC-BRG-0489,TG-RR-FNR-BRG-0489,489,S. Kistamma,11.3,Burgul,0.68,NEEDS_REVIEW,Area mismatch: Document states 11.3 Acres vs GIS 10.46 Acres (8.0% diff)
DOC-BRG-0490,TG-RR-FNR-BRG-0490,490,A. Balraj,4.9,Burgul,0.88,COMPLETED,
DOC-BRG-0491,TG-RR-FNR-BRG-0491,491,M. Mallesh Goud,4.05,Burgul,0.95,COMPLETED,
DOC-BRG-0492,TG-RR-FNR-BRG-0492,492,K. Chandraiah,3.28,Burgul,0.98,COMPLETED,
DOC-BRG-0493,TG-RR-FNR-BRG-0493,493,J. Ramachandra Reddy,5.08,Burgul,0.99,COMPLETED,
DOC-BRG-0494,TG-RR-FNR-BRG-0494,494,D. Gopal Rao,3.76,Burgul,0.9,COMPLETED,
DOC-BRG-0495,TG-RR-FNR-BRG-0495,495,R. Prabhakar,8.59,Burgul,0.94,COMPLETED,
DOC-BRG-0496,TG-RR-FNR-BRG-0496,496,E. Yadagiri,4.59,Burgul,0.98,COMPLETED,
DOC-BRG-0497,TG-RR-FNR-BRG-0497,497,N. Shankaraiah,3.41,Burgul,0.9,COMPLETED,
DOC-BRG-0498,TG-RR-FNR-BRG-0498,498,P. Suseela,3.42,Burgul,0.96,COMPLETED,
DOC-BRG-0499,TG-RR-FNR-BRG-0499,499,B. Vittal Reddy,7.86,Burgul,0.91,COMPLETED,
DOC-BRG-0500,TG-RR-FNR-BRG-0500,500,K. Padma,4.52,Burgul,0.62,NEEDS_REVIEW,Low OCR confidence in handwritten Tippon annotation
DOC-BRG-0501,TG-RR-FNR-BRG-0501,501,G. Lingaiah,4.44,Burgul,0.99,COMPLETED,
DOC-BRG-0502,TG-RR-FNR-BRG-0502,502,M. Krishna Murthy,7.72,Burgul,0.9,COMPLETED,
DOC-BRG-0503,TG-RR-FNR-BRG-0503,503,S. Venkat Reddy,1.73,Burgul,0.98,COMPLETED,
DOC-BRG-0504,TG-RR-FNR-BRG-0504,504,A. Jagadeeshwar,2.86,Burgul,0.89,COMPLETED,
DOC-BRG-0505,TG-RR-FNR-BRG-0505,505,G. Srinivas Reddy,3.07,Burgul,0.96,COMPLETED,
DOC-BRG-0506,TG-RR-FNR-BRG-0506,506,K. Venkateshwar Rao,1.69,Burgul,0.95,COMPLETED,
DOC-BRG-0507,TG-RR-FNR-BRG-0507,507,M. Lakshmi Bai,5.9,Burgul,0.98,COMPLETED,
DOC-BRG-0508,TG-RR-FNR-BRG-0508,508,P. Anjaneyulu,2.64,Burgul,0.93,COMPLETED,
DOC-BRG-0509,TG-RR-FNR-BRG-0509,509,B. Satyanarayana,5.97,Burgul,0.91,COMPLETED,
DOC-BRG-0510,TG-RR-FNR-BRG-0510,510,T. Ramaiah,7.61,Burgul,0.91,COMPLETED,
DOC-BRG-0511,TG-RR-FNR-BRG-0511,511,Ch. Madhava Reddy,6.03,Burgul,0.89,COMPLETED,
DOC-BRG-0512,TG-RR-FNR-BRG-0512,512,V. Narsimha,8.49,Burgul,0.91,COMPLETED,
DOC-BRG-0513,TG-RR-FNR-BRG-0513,513,S. Kistamma,8.4,Burgul,0.89,COMPLETED,
DOC-BRG-0514,TG-RR-FNR-BRG-0514,514,A. Balraj,8.55,Burgul,0.88,COMPLETED,
DOC-BRG-0515,TG-RR-FNR-BRG-0515,515,P. Suseela,1.55,Burgul,0.44,NEEDS_REVIEW,Owner mismatch: Deed titleholder 'M. Mallesh Goud' vs Extracted 'P. Suseela'
DOC-BRG-0516,TG-RR-FNR-BRG-0516,516,K. Chandraiah,3.48,Burgul,0.92,COMPLETED,
DOC-BRG-0517,TG-RR-FNR-BRG-0517,517,J. Ramachandra Reddy,11.78,Burgul,0.96,COMPLETED,
DOC-BRG-0518,TG-RR-FNR-BRG-0518,518,D. Gopal Rao,4.63,Burgul,0.99,COMPLETED,
DOC-BRG-0519,TG-RR-FNR-BRG-0519,519,R. Prabhakar,2.54,Burgul,0.98,COMPLETED,
DOC-BRG-0520,TG-RR-FNR-BRG-0520,520,E. Yadagiri,3.12,Burgul,0.93,COMPLETED,
DOC-BRG-0521,TG-RR-FNR-BRG-0521,521,N. Shankaraiah,6.67,Burgul,0.68,NEEDS_REVIEW,Area mismatch: Document states 6.67 Acres vs GIS 6.18 Acres (8.0% diff)
DOC-BRG-0522,TG-RR-FNR-BRG-0522,522,P. Suseela,4.68,Burgul,0.92,COMPLETED,
DOC-BRG-0523,TG-RR-FNR-BRG-0523,523,B. Vittal Reddy,2.44,Burgul,0.94,COMPLETED,
DOC-BRG-0524,TG-RR-FNR-BRG-0524,524,K. Padma,11.39,Burgul,0.89,COMPLETED,
DOC-BRG-0525,TG-RR-FNR-BRG-0525,525,G. Lingaiah,6.51,Burgul,0.93,COMPLETED,
DOC-BRG-0526,TG-RR-FNR-BRG-0526,526,M. Krishna Murthy,3.5,Burgul,0.98,COMPLETED,
DOC-BRG-0527,TG-RR-FNR-BRG-0527,527,S. Venkat Reddy,3.48,Burgul,0.95,COMPLETED,
DOC-BRG-0528,TG-RR-FNR-BRG-0528,528,A. Jagadeeshwar,4.07,Burgul,0.96,COMPLETED,
DOC-BRG-0529,TG-RR-FNR-BRG-0529,529,G. Srinivas Reddy,9.54,Burgul,0.9,COMPLETED,
DOC-BRG-0530,TG-RR-FNR-BRG-0530,530,K. Venkateshwar Rao,1.02,Burgul,0.89,COMPLETED,
DOC-BRG-0531,TG-RR-FNR-BRG-0531,531,M. Lakshmi Bai,2.58,Burgul,0.97,COMPLETED,
DOC-BRG-0532,TG-RR-FNR-BRG-0532,532,P. Anjaneyulu,1.16,Burgul,0.91,COMPLETED,
DOC-BRG-0533,TG-RR-FNR-BRG-0533,533,B. Satyanarayana,7.55,Burgul,0.92,COMPLETED,
DOC-BRG-0534,TG-RR-FNR-BRG-0534,534,T. Ramaiah,7.59,Burgul,0.98,COMPLETED,
DOC-BRG-0535,TG-RR-FNR-BRG-0535,535,Ch. Madhava Reddy,3.98,Burgul,0.89,COMPLETED,
DOC-BRG-0536,TG-RR-FNR-BRG-0536,536,V. Narsimha,9.46,Burgul,0.9,COMPLETED,
DOC-BRG-0537,TG-RR-FNR-BRG-0537,537,S. Kistamma,2.38,Burgul,0.92,COMPLETED,
DOC-BRG-0538,TG-RR-FNR-BRG-0538,538,A. Balraj,3.28,Burgul,0.96,COMPLETED,
DOC-BRG-0539,TG-RR-FNR-BRG-0539,539,M. Mallesh Goud,6.51,Burgul,0.94,COMPLETED,
DOC-BRG-0540,TG-RR-FNR-BRG-0540,540,K. Chandraiah,2.96,Burgul,0.98,COMPLETED,
DOC-BRG-0541,TG-RR-FNR-BRG-0541,541,J. Ramachandra Reddy,3.94,Burgul,0.89,COMPLETED,
DOC-BRG-0542,TG-RR-FNR-BRG-0542,542,D. Gopal Rao,6.78,Burgul,0.95,COMPLETED,
DOC-BRG-0543,TG-RR-FNR-BRG-0543,543,R. Prabhakar,3.97,Burgul,0.95,COMPLETED,
DOC-BRG-0544,TG-RR-FNR-BRG-0544,544,E. Yadagiri,12.21,Burgul,0.93,COMPLETED,
DOC-BRG-0545,TG-RR-FNR-BRG-0545,545,N. Shankaraiah,5.15,Burgul,0.62,NEEDS_REVIEW,Low OCR confidence in handwritten Tippon annotation
DOC-BRG-0546,TG-RR-FNR-BRG-0546,546,P. Suseela,5.21,Burgul,0.88,COMPLETED,
DOC-BRG-0547,TG-RR-FNR-BRG-0547,547,B. Vittal Reddy,6.33,Burgul,0.98,COMPLETED,
DOC-BRG-0548,TG-RR-FNR-BRG-0548,548,K. Padma,5.3,Burgul,0.9,COMPLETED,
DOC-BRG-0549,TG-RR-FNR-BRG-0549,549,G. Lingaiah,5.85,Burgul,0.98,COMPLETED,
DOC-BRG-0550,TG-RR-FNR-BRG-0550,550,B. Satyanarayana,2.74,Burgul,0.44,NEEDS_REVIEW,Owner mismatch: Deed titleholder 'M. Krishna Murthy' vs Extracted 'B. Satyanarayana'
DOC-BRG-0551,TG-RR-FNR-BRG-0551,551,S. Venkat Reddy,6.34,Burgul,0.9,COMPLETED,
DOC-BRG-0552,TG-RR-FNR-BRG-0552,552,A. Jagadeeshwar,13.6,Burgul,0.89,COMPLETED,
DOC-BRG-0553,TG-RR-FNR-BRG-0553,553,G. Srinivas Reddy,4.36,Burgul,0.9,COMPLETED,
DOC-BRG-0554,TG-RR-FNR-BRG-0554,554,K. Venkateshwar Rao,3.03,Burgul,0.9,COMPLETED,
DOC-BRG-0555,TG-RR-FNR-BRG-0555,555,M. Lakshmi Bai,2.68,Burgul,0.96,COMPLETED,
DOC-BRG-0556,TG-RR-FNR-BRG-0556,556,P. Anjaneyulu,2.04,Burgul,0.96,COMPLETED,
DOC-BRG-0557,TG-RR-FNR-BRG-0557,557,B. Satyanarayana,5.34,Burgul,0.96,COMPLETED,
DOC-BRG-0558,TG-RR-FNR-BRG-0558,558,T. Ramaiah,6.5,Burgul,0.91,COMPLETED,
DOC-BRG-0559,TG-RR-FNR-BRG-0559,559,Ch. Madhava Reddy,6.71,Burgul,0.91,COMPLETED,
DOC-BRG-0560,TG-RR-FNR-BRG-0560,560,V. Narsimha,11.86,Burgul,0.68,NEEDS_REVIEW,Area mismatch: Document states 11.86 Acres vs GIS 10.98 Acres (8.0% diff)
DOC-BRG-0561,TG-RR-FNR-BRG-0561,561,S. Kistamma,3.48,Burgul,0.91,COMPLETED,
DOC-BRG-0562,TG-RR-FNR-BRG-0562,562,A. Balraj,5.27,Burgul,0.89,COMPLETED,
DOC-BRG-0563,TG-RR-FNR-BRG-0563,563,M. Mallesh Goud,9.59,Burgul,0.94,COMPLETED,
DOC-BRG-0564,TG-RR-FNR-BRG-0564,564,K. Chandraiah,5.62,Burgul,0.97,COMPLETED,
DOC-BRG-0565,TG-RR-FNR-BRG-0565,565,J. Ramachandra Reddy,5.45,Burgul,0.9,COMPLETED,
DOC-BRG-0566,TG-RR-FNR-BRG-0566,566,D. Gopal Rao,6.42,Burgul,0.92,COMPLETED,
DOC-BRG-0567,TG-RR-FNR-BRG-0567,567,R. Prabhakar,2.94,Burgul,0.93,COMPLETED,
DOC-BRG-0568,TG-RR-FNR-BRG-0568,568,E. Yadagiri,2.16,Burgul,0.91,COMPLETED,
DOC-BRG-0569,TG-RR-FNR-BRG-0569,569,N. Shankaraiah,9.78,Burgul,0.95,COMPLETED,
DOC-BRG-0570,TG-RR-FNR-BRG-0570,570,P. Suseela,10.05,Burgul,0.95,COMPLETED,
DOC-BRG-0571,TG-RR-FNR-BRG-0571,571,B. Vittal Reddy,7.01,Burgul,0.9,COMPLETED,
DOC-BRG-0572,TG-RR-FNR-BRG-0572,572,K. Padma,8.42,Burgul,0.88,COMPLETED,
DOC-BRG-0573,TG-RR-FNR-BRG-0573,573,G. Lingaiah,9.35,Burgul,0.9,COMPLETED,
DOC-BRG-0574,TG-RR-FNR-BRG-0574,574,M. Krishna Murthy,4.77,Burgul,0.91,COMPLETED,
DOC-BRG-0575,TG-RR-FNR-BRG-0575,575,S. Venkat Reddy,4.96,Burgul,0.89,COMPLETED,
DOC-BRG-0576,TG-RR-FNR-BRG-0576,576,A. Jagadeeshwar,4.85,Burgul,0.97,COMPLETED,
DOC-BRG-0577,TG-RR-FNR-BRG-0577,577,G. Srinivas Reddy,8.86,Burgul,0.91,COMPLETED,
DOC-BRG-0578,TG-RR-FNR-BRG-0578,578,K. Venkateshwar Rao,11.58,Burgul,0.92,COMPLETED,
DOC-BRG-0579,TG-RR-FNR-BRG-0579,579,M. Lakshmi Bai,6.64,Burgul,0.93,COMPLETED,
DOC-BRG-0580,TG-RR-FNR-BRG-0580,580,P. Anjaneyulu,11.94,Burgul,0.95,COMPLETED,
DOC-BRG-0581,TG-RR-FNR-BRG-0581,581,B. Satyanarayana,3.48,Burgul,0.89,COMPLETED,
DOC-BRG-0582,TG-RR-FNR-BRG-0582,582,T. Ramaiah,5.21,Burgul,0.94,COMPLETED,
DOC-BRG-0583,TG-RR-FNR-BRG-0583,583,Ch. Madhava Reddy,6.83,Burgul,0.9,COMPLETED,
DOC-BRG-0584,TG-RR-FNR-BRG-0584,584,V. Narsimha,5.06,Burgul,0.98,COMPLETED,
DOC-BRG-0585,TG-RR-FNR-BRG-0585,585,S. Kistamma,6.62,Burgul,0.92,COMPLETED,
DOC-BRG-0586,TG-RR-FNR-BRG-0586,586,A. Balraj,4.1,Burgul,0.93,COMPLETED,
DOC-BRG-0587,TG-RR-FNR-BRG-0587,587,M. Mallesh Goud,9.11,Burgul,0.91,COMPLETED,
DOC-BRG-0588,TG-RR-FNR-BRG-0588,588,K. Chandraiah,7.48,Burgul,0.93,COMPLETED,
DOC-BRG-0589,TG-RR-FNR-BRG-0589,589,J. Ramachandra Reddy,2.47,Burgul,0.9,COMPLETED,
DOC-BRG-0590,TG-RR-FNR-BRG-0590,590,D. Gopal Rao,8.67,Burgul,0.62,NEEDS_REVIEW,Low OCR confidence in handwritten Tippon annotation
DOC-BRG-0591,TG-RR-FNR-BRG-0591,591,R. Prabhakar,2.42,Burgul,0.91,COMPLETED,
DOC-BRG-0592,TG-RR-FNR-BRG-0592,592,E. Yadagiri,2.26,Burgul,0.89,COMPLETED,
DOC-BRG-0593,TG-RR-FNR-BRG-0593,593,N. Shankaraiah,3.93,Burgul,0.96,COMPLETED,
DOC-BRG-0594,TG-RR-FNR-BRG-0594,594,P. Suseela,5.99,Burgul,0.95,COMPLETED,
DOC-BRG-0595,TG-RR-FNR-BRG-0595,595,B. Vittal Reddy,2.88,Burgul,0.68,NEEDS_REVIEW,Area mismatch: Document states 2.88 Acres vs GIS 2.67 Acres (8.0% diff)
DOC-BRG-0596,TG-RR-FNR-BRG-0596,596,K. Padma,4.06,Burgul,0.89,COMPLETED,
DOC-BRG-0597,TG-RR-FNR-BRG-0597,597,G. Lingaiah,5.72,Burgul,0.92,COMPLETED,
DOC-BRG-0598,TG-RR-FNR-BRG-0598,598,M. Krishna Murthy,10.85,Burgul,0.94,COMPLETED,
DOC-BRG-0599,TG-RR-FNR-BRG-0599,599,S. Venkat Reddy,5.18,Burgul,0.99,COMPLETED,
DOC-BRG-0600,TG-RR-FNR-BRG-0600,600,A. Jagadeeshwar,7.04,Burgul,0.94,COMPLETED,
DOC-BRG-0601,TG-RR-FNR-BRG-0601,601,G. Srinivas Reddy,4.54,Burgul,0.94,COMPLETED,
DOC-BRG-0602,TG-RR-FNR-BRG-0602,602,S. Kistamma,7.35,Burgul,0.44,NEEDS_REVIEW,Owner mismatch: Deed titleholder 'K. Venkateshwar Rao' vs Extracted 'S. Kistamma'
DOC-BRG-0603,TG-RR-FNR-BRG-0603,603,M. Lakshmi Bai,5.05,Burgul,0.97,COMPLETED,
DOC-BRG-0604,TG-RR-FNR-BRG-0604,604,P. Anjaneyulu,1.4,Burgul,0.97,COMPLETED,
DOC-BRG-0605,TG-RR-FNR-BRG-0605,605,B. Satyanarayana,5.48,Burgul,0.93,COMPLETED,
DOC-BRG-0606,TG-RR-FNR-BRG-0606,606,T. Ramaiah,4.6,Burgul,0.94,COMPLETED,
DOC-BRG-0607,TG-RR-FNR-BRG-0607,607,Ch. Madhava Reddy,6.27,Burgul,0.98,COMPLETED,
DOC-BRG-0608,TG-RR-FNR-BRG-0608,608,V. Narsimha,5.03,Burgul,0.93,COMPLETED,
DOC-BRG-0609,TG-RR-FNR-BRG-0609,609,S. Kistamma,9.14,Burgul,0.98,COMPLETED,
DOC-BRG-0610,TG-RR-FNR-BRG-0610,610,A. Balraj,1.63,Burgul,0.93,COMPLETED,
DOC-BRG-0611,TG-RR-FNR-BRG-0611,611,M. Mallesh Goud,5.45,Burgul,0.89,COMPLETED,
DOC-BRG-0612,TG-RR-FNR-BRG-0612,612,K. Chandraiah,5.77,Burgul,0.98,COMPLETED,
DOC-BRG-0613,TG-RR-FNR-BRG-0613,613,J. Ramachandra Reddy,7.16,Burgul,0.96,COMPLETED,
