parcel_id,survey_number,survey_display,owner_name,village,mandal,district,state,area_acres,centroid_lat,centroid_lon,verification_status,validation_issue
TG-RR-FNR-BRG-0001,1,1,G. Srinivas Reddy,Burgul,Farooqnagar,Rangareddy,Telangana,9.41,17.080886,78.190929,VERIFIED,
TG-RR-FNR-BRG-0002,2,2,K. Venkateshwar Rao,Burgul,Farooqnagar,Rangareddy,Telangana,2.17,17.080963,78.187992,VERIFIED,
TG-RR-FNR-BRG-0003,3,3,M. Lakshmi Bai,Burgul,Farooqnagar,Rangareddy,Telangana,2.93,17.080321,78.187545,VERIFIED,
TG-RR-FNR-BRG-0004,4,4,P. Anjaneyulu,Burgul,Farooqnagar,Rangareddy,Telangana,5.05,17.080421,78.18874,VERIFIED,
TG-RR-FNR-BRG-0005,5,5,B. Satyanarayana,Burgul,Farooqnagar,Rangareddy,Telangana,3.46,17.080266,78.186883,VERIFIED,
TG-RR-FNR-BRG-0006,6,6,T. Ramaiah,Burgul,Farooqnagar,Rangareddy,Telangana,4.19,17.080358,78.186089,VERIFIED,
TG-RR-FNR-BRG-0007,7,7,Ch. Madhava Reddy,Burgul,Farooqnagar,Rangareddy,Telangana,8.72,17.079681,78.18109,VERIFIED,
TG-RR-FNR-BRG-0008,8,8,V. Narsimha,Burgul,Farooqnagar,Rangareddy,Telangana,3.21,17.080478,78.185156,VERIFIED,
TG-RR-FNR-BRG-0009,9,9,S. Kistamma,Burgul,Farooqnagar,Rangareddy,Telangana,5.02,17.080412,78.183745,VERIFIED,
TG-RR-FNR-BRG-0010,10,10,A. Balraj,Burgul,Farooqnagar,Rangareddy,Telangana,9.29,17.079781,78.190503,VERIFIED,
TG-RR-FNR-BRG-0011,11,11,M. Mallesh Goud,Burgul,Farooqnagar,Rangareddy,Telangana,7.71,17.080365,78.194179,VERIFIED,
TG-RR-FNR-BRG-0012,12,12,K. Chandraiah,Burgul,Farooqnagar,Rangareddy,Telangana,3.99,17.079308,78.1855,VERIFIED,
TG-RR-FNR-BRG-0013,13,13,J. Ramachandra Reddy,Burgul,Farooqnagar,Rangareddy,Telangana,7.39,17.079479,78.182694,VERIFIED,
TG-RR-FNR-BRG-0014,14,14,D. Gopal Rao,Burgul,Farooqnagar,Rangareddy,Telangana,1.79,17.079408,78.19487,VERIFIED,
TG-RR-FNR-BRG-0015,15,15,R. Prabhakar,Burgul,Farooqnagar,Rangareddy,Telangana,9.81,17.078953,78.17928,REVIEW_REQUIRED,Low OCR confidence in handwritten Tippon annotation
TG-RR-FNR-BRG-0016,16,16,E. Yadagiri,Burgul,Farooqnagar,Rangareddy,Telangana,5.19,17.078965,78.18476,VERIFIED,
TG-RR-FNR-BRG-0017,17,17,N. Shankaraiah,Burgul,Farooqnagar,Rangareddy,Telangana,12.99,17.079392,78.196683,VERIFIED,
TG-RR-FNR-BRG-0018,18,18,P. Suseela,Burgul,Farooqnagar,Rangareddy,Telangana,8.31,17.078387,78.183723,VERIFIED,
TG-RR-FNR-BRG-0019,19,19,B. Vittal Reddy,Burgul,Farooqnagar,Rangareddy,Telangana,6.48,17.078478,78.178108,VERIFIED,
TG-RR-FNR-BRG-0020,20,20,K. Padma,Burgul,Farooqnagar,Rangareddy,Telangana,7.67,17.078492,78.176889,VERIFIED,
TG-RR-FNR-BRG-0021,21,21,G. Lingaiah,Burgul,Farooqnagar,Rangareddy,Telangana,9.61,17.079443,78.193395,VERIFIED,
TG-RR-FNR-BRG-0022,22,22,M. Krishna Murthy,Burgul,Farooqnagar,Rangareddy,Telangana,5.71,17.078851,78.188576,VERIFIED,
TG-RR-FNR-BRG-0023,23,23,S. Venkat Reddy,Burgul,Farooqnagar,Rangareddy,Telangana,6.58,17.078373,78.18959,VERIFIED,
TG-RR-FNR-BRG-0024,24,24,A. Jagadeeshwar,Burgul,Farooqnagar,Rangareddy,Telangana,6.18,17.078857,78.187199,VERIFIED,
TG-RR-FNR-BRG-0025,25,25,G. Srinivas Reddy,Burgul,Farooqnagar,Rangareddy,Telangana,3.07,17.078535,78.195173,VERIFIED,
TG-RR-FNR-BRG-0026,26,26,K. Venkateshwar Rao,Burgul,Farooqnagar,Rangareddy,Telangana,6.71,17.077997,78.175165,VERIFIED,
TG-RR-FNR-BRG-0027,27,27,M. Lakshmi Bai,Burgul,Farooqnagar,Rangareddy,Telangana,9.05,17.078587,78.199784,VERIFIED,
TG-RR-FNR-BRG-0028,28,28,P. Anjaneyulu,Burgul,Farooqnagar,Rangareddy,Telangana,3.48,17.077833,78.201389,VERIFIED,
TG-RR-FNR-BRG-0029,29,29,B. Satyanarayana,Burgul,Farooqnagar,Rangareddy,Telangana,5.89,17.078001,78.186232,VERIFIED,
TG-RR-FNR-BRG-0030,30,30,T. Ramaiah,Burgul,Farooqnagar,Rangareddy,Telangana,4.33,17.078023,78.193522,VERIFIED,
TG-RR-FNR-BRG-0031,31,31,Ch. Madhava Reddy,Burgul,Farooqnagar,Rangareddy,Telangana,7.11,17.077717,78.196071,VERIFIED,
TG-RR-FNR-BRG-0032,32,32,V. Narsimha,Burgul,Farooqnagar,Rangareddy,Telangana,8.56,17.07839,78.192295,CONFLICT,Owner mismatch: Deed titleholder 'V. Narsimha' vs Extracted 'R. Prabhakar'
TG-RR-FNR-BRG-0033,33,33,S. Kistamma,Burgul,Farooqnagar,Rangareddy,Telangana,11.62,17.077744,78.190886,VERIFIED,
TG-RR-FNR-BRG-0034,34,34,A. Balraj,Burgul,Farooqnagar,Rangareddy,Telangana,3.28,17.077383,78.202112,VERIFIED,
TG-RR-FNR-BRG-0035,35,35,M. Mallesh Goud,Burgul,Farooqnagar,Rangareddy,Telangana,7.0,17.077585,78.199644,VERIFIED,
TG-RR-FNR-BRG-0036,36,36,K. Chandraiah,Burgul,Farooqnagar,Rangareddy,Telangana,20.09,17.077623,78.181341,VERIFIED,
TG-RR-FNR-BRG-0037,37,37,J. Ramachandra Reddy,Burgul,Farooqnagar,Rangareddy,Telangana,7.65,17.077266,78.187776,VERIFIED,
TG-RR-FNR-BRG-0038,38,38,D. Gopal Rao,Burgul,Farooqnagar,Rangareddy,Telangana,4.73,17.077288,78.19464,VERIFIED,
TG-RR-FNR-BRG-0039,39,39,R. Prabhakar,Burgul,Farooqnagar,Rangareddy,Telangana,2.18,17.077231,78.203048,VERIFIED,
TG-RR-FNR-BRG-0040,40,40,E. Yadagiri,Burgul,Farooqnagar,Rangareddy,Telangana,9.1,17.077807,78.198195,VERIFIED,
TG-RR-FNR-BRG-0041,41,41,N. Shankaraiah,Burgul,Farooqnagar,Rangareddy,Telangana,15.36,17.076384,78.17315,VERIFIED,
TG-RR-FNR-BRG-0042,42,42,P. Suseela,Burgul,Farooqnagar,Rangareddy,Telangana,2.67,17.077027,78.193011,VERIFIED,
TG-RR-FNR-BRG-0043,43,43,B. Vittal Reddy,Burgul,Farooqnagar,Rangareddy,Telangana,2.47,17.076677,78.203203,VERIFIED,
TG-RR-FNR-BRG-0044,44,44,K. Padma,Burgul,Farooqnagar,Rangareddy,Telangana,2.34,17.076356,78.193272,VERIFIED,
TG-RR-FNR-BRG-0045,45,45,G. Lingaiah,Burgul,Farooqnagar,Rangareddy,Telangana,13.15,17.076352,78.175145,CONFLICT,Area mismatch: Document states 14.2 Acres vs GIS 13.15 Acres (8.0% diff)
TG-RR-FNR-BRG-0046,46,46,M. Krishna Murthy,Burgul,Farooqnagar,Rangareddy,Telangana,9.09,17.076433,78.186397,VERIFIED,
TG-RR-FNR-BRG-0047,47,47,S. Venkat Reddy,Burgul,Farooqnagar,Rangareddy,Telangana,4.12,17.076691,78.197755,VERIFIED,
TG-RR-FNR-BRG-0048,48,48,A. Jagadeeshwar,Burgul,Farooqnagar,Rangareddy,Telangana,6.02,17.076208,78.199784,VERIFIED,
TG-RR-FNR-BRG-0049,49,49,G. Srinivas Reddy,Burgul,Farooqnagar,Rangareddy,Telangana,6.79,17.076069,78.192269,VERIFIED,
TG-RR-FNR-BRG-0050,50,50,K. Venkateshwar Rao,Burgul,Farooqnagar,Rangareddy,Telangana,6.19,17.076299,78.196948,VERIFIED,
TG-RR-FNR-BRG-0051,51,51,M. Lakshmi Bai,Burgul,Farooqnagar,Rangareddy,Telangana,10.72,17.076688,78.184631,VERIFIED,
TG-RR-FNR-BRG-0052,52,52,P. Anjaneyulu,Burgul,Farooqnagar,Rangareddy,Telangana,2.68,17.076447,78.201951,VERIFIED,
TG-RR-FNR-BRG-0053,53,53,B. Satyanarayana,Burgul,Farooqnagar,Rangareddy,Telangana,4.31,17.075875,78.203567,VERIFIED,
TG-RR-FNR-BRG-0054,54,54,T. Ramaiah,Burgul,Farooqnagar,Rangareddy,Telangana,11.42,17.076594,78.177452,VERIFIED,
TG-RR-FNR-BRG-0055,55,55,Ch. Madhava Reddy,Burgul,Farooqnagar,Rangareddy,Telangana,8.85,17.076209,78.190139,VERIFIED,
TG-RR-FNR-BRG-0056,56,56,V. Narsimha,Burgul,Farooqnagar,Rangareddy,Telangana,4.56,17.076102,78.19424,VERIFIED,
TG-RR-FNR-BRG-0057,57,57,S. Kistamma,Burgul,Farooqnagar,Rangareddy,Telangana,5.32,17.076103,78.195809,VERIFIED,
TG-RR-FNR-BRG-0058,58,58,A. Balraj,Burgul,Farooqnagar,Rangareddy,Telangana,1.64,17.07569,78.202765,VERIFIED,
TG-RR-FNR-BRG-0059,59,59,M. Mallesh Goud,Burgul,Farooqnagar,Rangareddy,Telangana,5.88,17.07583,78.201291,REVIEW_REQUIRED,Low OCR confidence in handwritten Tippon annotation
TG-RR-FNR-BRG-0060,60,60,K. Chandraiah,Burgul,Farooqnagar,Rangareddy,Telangana,2.8,17.075748,78.19892,VERIFIED,
TG-RR-FNR-BRG-0061,61,61,J. Ramachandra Reddy,Burgul,Farooqnagar,Rangareddy,Telangana,10.81,17.076184,78.179297,VERIFIED,
TG-RR-FNR-BRG-0062,62,62,D. Gopal Rao,Burgul,Farooqnagar,Rangareddy,Telangana,2.41,17.075452,78.195153,VERIFIED,
TG-RR-FNR-BRG-0063,63,63,R. Prabhakar,Burgul,Farooqnagar,Rangareddy,Telangana,8.04,17.075939,78.188522,VERIFIED,
TG-RR-FNR-BRG-0064,64,64,E. Yadagiri,Burgul,Farooqnagar,Rangareddy,Telangana,6.87,17.075802,78.180807,VERIFIED,
TG-RR-FNR-BRG-0065,65,65,N. Shankaraiah,Burgul,Farooqnagar,Rangareddy,Telangana,7.58,17.075771,78.183437,VERIFIED,
TG-RR-FNR-BRG-0066,66,66,P. Suseela,Burgul,Farooqnagar,Rangareddy,Telangana,4.64,17.075081,78.184707,VERIFIED,
TG-RR-FNR-BRG-0067,67,67,B. Vittal Reddy,Burgul,Farooqnagar,Rangareddy,Telangana,1.67,17.075191,78.198852,VERIFIED,
TG-RR-FNR-BRG-0068,68,68,K. Padma,Burgul,Farooqnagar,Rangareddy,Telangana,3.64,17.075004,78.177011,VERIFIED,
TG-RR-FNR-BRG-0069,69,69,G. Lingaiah,Burgul,Farooqnagar,Rangareddy,Telangana,5.12,17.075293,78.175859,VERIFIED,
TG-RR-FNR-BRG-0070,70,70,M. Krishna Murthy,Burgul,Farooqnagar,Rangareddy,Telangana,6.85,17.075431,78.182149,VERIFIED,
TG-RR-FNR-BRG-0071,71,71,S. Venkat Reddy,Burgul,Farooqnagar,Rangareddy,Telangana,3.3,17.075072,78.197888,VERIFIED,
TG-RR-FNR-BRG-0072,72,72,A. Jagadeeshwar,Burgul,Farooqnagar,Rangareddy,Telangana,2.25,17.075088,78.202275,VERIFIED,
TG-RR-FNR-BRG-0073,73,73,G. Srinivas Reddy,Burgul,Farooqnagar,Rangareddy,Telangana,10.71,17.074484,78.204655,VERIFIED,
TG-RR-FNR-BRG-0074,74,74,K. Venkateshwar Rao,Burgul,Farooqnagar,Rangareddy,Telangana,5.19,17.07494,78.178167,VERIFIED,
TG-RR-FNR-BRG-0075,75,75,M. Lakshmi Bai,Burgul,Farooqnagar,Rangareddy,Telangana,5.49,17.074712,78.189618,VERIFIED,
TG-RR-FNR-BRG-0076,76,76,P. Anjaneyulu,Burgul,Farooqnagar,Rangareddy,Telangana,3.0,17.074956,78.194576,CONFLICT,Owner mismatch: Deed titleholder 'P. Anjaneyulu' vs Extracted 'M. Mallesh Goud'
TG-RR-FNR-BRG-0077,77,77,B. Satyanarayana,Burgul,Farooqnagar,Rangareddy,Telangana,3.41,17.074703,78.199137,VERIFIED,
TG-RR-FNR-BRG-0078,78,78,T. Ramaiah,Burgul,Farooqnagar,Rangareddy,Telangana,5.42,17.075008,78.191602,VERIFIED,
TG-RR-FNR-BRG-0079,79,79,Ch. Madhava Reddy,Burgul,Farooqnagar,Rangareddy,Telangana,1.9,17.074601,78.201917,VERIFIED,
TG-RR-FNR-BRG-0080,80,80,V. Narsimha,Burgul,Farooqnagar,Rangareddy,Telangana,5.49,17.075,78.186397,VERIFIED,
TG-RR-FNR-BRG-0081,81,81,S. Kistamma,Burgul,Farooqnagar,Rangareddy,Telangana,5.48,17.074319,78.194157,VERIFIED,
TG-RR-FNR-BRG-0082,82,82,A. Balraj,Burgul,Farooqnagar,Rangareddy,Telangana,9.32,17.075146,78.17136,VERIFIED,
TG-RR-FNR-BRG-0083,83,83,M. Mallesh Goud,Burgul,Farooqnagar,Rangareddy,Telangana,3.5,17.07476,78.196785,VERIFIED,
TG-RR-FNR-BRG-0084,84,84,K. Chandraiah,Burgul,Farooqnagar,Rangareddy,Telangana,5.51,17.074377,78.180705,VERIFIED,
TG-RR-FNR-BRG-0085,85,85,J. Ramachandra Reddy,Burgul,Farooqnagar,Rangareddy,Telangana,3.4,17.074468,78.182897,VERIFIED,
TG-RR-FNR-BRG-0086,86,86,D. Gopal Rao,Burgul,Farooqnagar,Rangareddy,Telangana,6.97,17.074,78.18863,VERIFIED,
TG-RR-FNR-BRG-0087,87,87,R. Prabhakar,Burgul,Farooqnagar,Rangareddy,Telangana,3.88,17.074012,78.197603,VERIFIED,
TG-RR-FNR-BRG-0088,88,88,E. Yadagiri,Burgul,Farooqnagar,Rangareddy,Telangana,3.94,17.074611,78.192947,CONFLICT,Area mismatch: Document states 4.26 Acres vs GIS 3.94 Acres (8.0% diff)
TG-RR-FNR-BRG-0089,89,89,N. Shankaraiah,Burgul,Farooqnagar,Rangareddy,Telangana,5.65,17.074223,78.195701,VERIFIED,
TG-RR-FNR-BRG-0090,90,90,P. Suseela,Burgul,Farooqnagar,Rangareddy,Telangana,8.82,17.073946,78.203171,VERIFIED,
TG-RR-FNR-BRG-0091,91,91,B. Vittal Reddy,Burgul,Farooqnagar,Rangareddy,Telangana,11.28,17.073981,78.175606,VERIFIED,
TG-RR-FNR-BRG-0092,92,92,K. Padma,Burgul,Farooqnagar,Rangareddy,Telangana,6.3,17.07376,78.170488,VERIFIED,
TG-RR-FNR-BRG-0093,93,93,G. Lingaiah,Burgul,Farooqnagar,Rangareddy,Telangana,3.21,17.074356,78.190894,VERIFIED,
TG-RR-FNR-BRG-0094,94,94,M. Krishna Murthy,Burgul,Farooqnagar,Rangareddy,Telangana,5.78,17.073991,78.187741,VERIFIED,
TG-RR-FNR-BRG-0095,95,95,S. Venkat Reddy,Burgul,Farooqnagar,Rangareddy,Telangana,7.01,17.07399,78.179244,VERIFIED,
TG-RR-FNR-BRG-0096,96,96,A. Jagadeeshwar,Burgul,Farooqnagar,Rangareddy,Telangana,8.49,17.073864,78.199594,VERIFIED,
TG-RR-FNR-BRG-0097,97,97,G. Srinivas Reddy,Burgul,Farooqnagar,Rangareddy,Telangana,5.22,17.073976,78.185371,VERIFIED,
TG-RR-FNR-BRG-0098,98,98,K. Venkateshwar Rao,Burgul,Farooqnagar,Rangareddy,Telangana,8.8,17.073966,78.20114,VERIFIED,
TG-RR-FNR-BRG-0099,99,99,M. Lakshmi Bai,Burgul,Farooqnagar,Rangareddy,Telangana,1.95,17.074013,78.186544,REVIEW_REQUIRED,Low OCR confidence in handwritten Tippon annotation
TG-RR-FNR-BRG-0100,100,100,P. Anjaneyulu,Burgul,Farooqnagar,Rangareddy,Telangana,1.27,17.074123,78.192275,VERIFIED,
TG-RR-FNR-BRG-0101,101,101,B. Satyanarayana,Burgul,Farooqnagar,Rangareddy,Telangana,1.6,17.073594,78.192207,VERIFIED,
TG-RR-FNR-BRG-0102,102,102,T. Ramaiah,Burgul,Farooqnagar,Rangareddy,Telangana,7.65,17.073295,78.19028,VERIFIED,
TG-RR-FNR-BRG-0103,103,103,Ch. Madhava Reddy,Burgul,Farooqnagar,Rangareddy,Telangana,2.2,17.073622,78.182808,VERIFIED,
TG-RR-FNR-BRG-0104,104,104,V. Narsimha,Burgul,Farooqnagar,Rangareddy,Telangana,6.94,17.073517,78.184098,VERIFIED,
TG-RR-FNR-BRG-0105,105,105,S. Kistamma,Burgul,Farooqnagar,Rangareddy,Telangana,3.39,17.073519,78.193312,VERIFIED,
TG-RR-FNR-BRG-0106,106,106,A. Balraj,Burgul,Farooqnagar,Rangareddy,Telangana,4.69,17.07308,78.187284,VERIFIED,
TG-RR-FNR-BRG-0107,107,107,M. Mallesh Goud,Burgul,Farooqnagar,Rangareddy,Telangana,2.48,17.073511,78.182042,VERIFIED,
TG-RR-FNR-BRG-0108,108,108,K. Chandraiah,Burgul,Farooqnagar,Rangareddy,Telangana,1.96,17.073611,78.181469,VERIFIED,
TG-RR-FNR-BRG-0109,109,109,J. Ramachandra Reddy,Burgul,Farooqnagar,Rangareddy,Telangana,10.69,17.073754,78.172127,VERIFIED,
TG-RR-FNR-BRG-0110,110,110,D. Gopal Rao,Burgul,Farooqnagar,Rangareddy,Telangana,7.33,17.073432,78.177712,VERIFIED,
TG-RR-FNR-BRG-0111,111,111,R. Prabhakar,Burgul,Farooqnagar,Rangareddy,Telangana,8.81,17.072925,78.196082,VERIFIED,
TG-RR-FNR-BRG-0112,112,112,E. Yadagiri,Burgul,Farooqnagar,Rangareddy,Telangana,3.05,17.073064,78.191812,CONFLICT,Area mismatch: Document states 3.29 Acres vs GIS 3.05 Acres (8.0% diff)
TG-RR-FNR-BRG-0113,113,113,N. Shankaraiah,Burgul,Farooqnagar,Rangareddy,Telangana,2.85,17.073102,78.181012,VERIFIED,
TG-RR-FNR-BRG-0114,114,114,P. Suseela,Burgul,Farooqnagar,Rangareddy,Telangana,7.63,17.072835,78.169303,VERIFIED,
TG-RR-FNR-BRG-0115,115,115,B. Vittal Reddy,Burgul,Farooqnagar,Rangareddy,Telangana,8.19,17.072595,78.186206,VERIFIED,
TG-RR-FNR-BRG-0116,116,116,K. Padma,Burgul,Farooqnagar,Rangareddy,Telangana,3.34,17.072749,78.182875,VERIFIED,
TG-RR-FNR-BRG-0117,117,117,G. Lingaiah,Burgul,Farooqnagar,Rangareddy,Telangana,12.91,17.073294,78.173874,VERIFIED,
TG-RR-FNR-BRG-0118,118,118,M. Krishna Murthy,Burgul,Farooqnagar,Rangareddy,Telangana,2.3,17.073095,78.197955,VERIFIED,
TG-RR-FNR-BRG-0119,119,119,S. Venkat Reddy,Burgul,Farooqnagar,Rangareddy,Telangana,5.0,17.072814,78.194244,VERIFIED,
TG-RR-FNR-BRG-0120,120,120,A. Jagadeeshwar,Burgul,Farooqnagar,Rangareddy,Telangana,2.85,17.072807,78.180285,CONFLICT,Owner mismatch: Deed titleholder 'A. Jagadeeshwar' vs Extracted 'Ch. Madhava Reddy'
TG-RR-FNR-BRG-0121,121,121,G. Srinivas Reddy,Burgul,Farooqnagar,Rangareddy,Telangana,5.81,17.072155,78.197046,VERIFIED,
TG-RR-FNR-BRG-0122,122,122,K. Venkateshwar Rao,Burgul,Farooqnagar,Rangareddy,Telangana,4.31,17.072644,78.198836,VERIFIED,
TG-RR-FNR-BRG-0123,123,123,M. Lakshmi Bai,Burgul,Farooqnagar,Rangareddy,Telangana,3.6,17.072346,78.192856,VERIFIED,
TG-RR-FNR-BRG-0124,124,124,P. Anjaneyulu,Burgul,Farooqnagar,Rangareddy,Telangana,3.72,17.072476,78.172327,REVIEW_REQUIRED,Low OCR confidence in handwritten Tippon annotation
TG-RR-FNR-BRG-0125,125,125,B. Satyanarayana,Burgul,Farooqnagar,Rangareddy,Telangana,2.74,17.072517,78.17972,VERIFIED,
TG-RR-FNR-BRG-0126,126,126,T. Ramaiah,Burgul,Farooqnagar,Rangareddy,Telangana,6.72,17.072123,78.191367,VERIFIED,
TG-RR-FNR-BRG-0127,127,127,Ch. Madhava Reddy,Burgul,Farooqnagar,Rangareddy,Telangana,2.06,17.071907,78.19797,VERIFIED,
TG-RR-FNR-BRG-0128,128,128,V. Narsimha,Burgul,Farooqnagar,Rangareddy,Telangana,9.82,17.072394,78.202779,VERIFIED,
TG-RR-FNR-BRG-0129,129,129,S. Kistamma,Burgul,Farooqnagar,Rangareddy,Telangana,3.92,17.071969,78.181678,VERIFIED,
TG-RR-FNR-BRG-0130,130,130,A. Balraj,Burgul,Farooqnagar,Rangareddy,Telangana,19.53,17.071954,78.205714,VERIFIED,
TG-RR-FNR-BRG-0131,131,131,M. Mallesh Goud,Burgul,Farooqnagar,Rangareddy,Telangana,4.73,17.071886,78.177621,VERIFIED,
TG-RR-FNR-BRG-0132,132,132,K. Chandraiah,Burgul,Farooqnagar,Rangareddy,Telangana,8.41,17.072144,78.175968,VERIFIED,
TG-RR-FNR-BRG-0133,133,133,J. Ramachandra Reddy,Burgul,Farooqnagar,Rangareddy,Telangana,5.56,17.071849,78.194091,VERIFIED,
TG-RR-FNR-BRG-0134,134,134,D. Gopal Rao,Burgul,Farooqnagar,Rangareddy,Telangana,1.75,17.071966,78.180869,CONFLICT,Area mismatch: Document states 1.89 Acres vs GIS 1.75 Acres (8.0% diff)
TG-RR-FNR-BRG-0135,135,135,R. Prabhakar,Burgul,Farooqnagar,Rangareddy,Telangana,4.4,17.071494,78.176882,VERIFIED,
TG-RR-FNR-BRG-0136,136,136,E. Yadagiri,Burgul,Farooqnagar,Rangareddy,Telangana,4.84,17.071784,78.18285,VERIFIED,
TG-RR-FNR-BRG-0137,137,137,N. Shankaraiah,Burgul,Farooqnagar,Rangareddy,Telangana,3.27,17.071979,78.179352,VERIFIED,
TG-RR-FNR-BRG-0138,138,138,P. Suseela,Burgul,Farooqnagar,Rangareddy,Telangana,4.94,17.071914,78.20147,VERIFIED,
TG-RR-FNR-BRG-0139,139,139,B. Vittal Reddy,Burgul,Farooqnagar,Rangareddy,Telangana,6.12,17.072241,78.200434,VERIFIED,
TG-RR-FNR-BRG-0140,140,140,K. Padma,Burgul,Farooqnagar,Rangareddy,Telangana,5.05,17.071523,78.172468,REVIEW_REQUIRED,Low OCR confidence in handwritten Tippon annotation
TG-RR-FNR-BRG-0141,141,141,G. Lingaiah,Burgul,Farooqnagar,Rangareddy,Telangana,5.19,17.07168,78.178465,VERIFIED,
TG-RR-FNR-BRG-0142,142,142,M. Krishna Murthy,Burgul,Farooqnagar,Rangareddy,Telangana,4.94,17.072045,78.184211,VERIFIED,
TG-RR-FNR-BRG-0143,143,143,S. Venkat Reddy,Burgul,Farooqnagar,Rangareddy,Telangana,8.0,17.070963,78.168149,VERIFIED,
TG-RR-FNR-BRG-0144,144,144,A. Jagadeeshwar,Burgul,Farooqnagar,Rangareddy,Telangana,7.58,17.071409,78.173979,VERIFIED,
TG-RR-FNR-BRG-0145,145,145,G. Srinivas Reddy,Burgul,Farooqnagar,Rangareddy,Telangana,8.0,17.071657,78.170849,VERIFIED,
TG-RR-FNR-BRG-0146,146,146,K. Venkateshwar Rao,Burgul,Farooqnagar,Rangareddy,Telangana,3.45,17.07159,78.198984,VERIFIED,
TG-RR-FNR-BRG-0147,147,147,M. Lakshmi Bai,Burgul,Farooqnagar,Rangareddy,Telangana,2.11,17.071596,78.184823,VERIFIED,
TG-RR-FNR-BRG-0148,148,148,P. Anjaneyulu,Burgul,Farooqnagar,Rangareddy,Telangana,3.22,17.071252,78.180694,VERIFIED,
TG-RR-FNR-BRG-0149,149,149,B. Satyanarayana,Burgul,Farooqnagar,Rangareddy,Telangana,1.98,17.070905,78.184563,VERIFIED,
TG-RR-FNR-BRG-0150,150,150,T. Ramaiah,Burgul,Farooqnagar,Rangareddy,Telangana,15.08,17.071451,78.188539,VERIFIED,
TG-RR-FNR-BRG-0151,151,151,Ch. Madhava Reddy,Burgul,Farooqnagar,Rangareddy,Telangana,11.16,17.07105,78.186305,VERIFIED,
TG-RR-FNR-BRG-0152,152,152,V. Narsimha,Burgul,Farooqnagar,Rangareddy,Telangana,10.46,17.071242,78.203793,VERIFIED,
TG-RR-FNR-BRG-0153,153,153,S. Kistamma,Burgul,Farooqnagar,Rangareddy,Telangana,4.32,17.071095,78.200003,VERIFIED,
TG-RR-FNR-BRG-0154,154,154,A. Balraj,Burgul,Farooqnagar,Rangareddy,Telangana,3.36,17.071295,78.169901,VERIFIED,
TG-RR-FNR-BRG-0155,155,155,M. Mallesh Goud,Burgul,Farooqnagar,Rangareddy,Telangana,4.44,17.070886,78.197807,VERIFIED,
TG-RR-FNR-BRG-0156,156,156,K. Chandraiah,Burgul,Farooqnagar,Rangareddy,Telangana,6.76,17.070942,78.190632,VERIFIED,
TG-RR-FNR-BRG-0157,157,157,J. Ramachandra Reddy,Burgul,Farooqnagar,Rangareddy,Telangana,2.25,17.070492,78.199111,VERIFIED,
TG-RR-FNR-BRG-0158,158,158,D. Gopal Rao,Burgul,Farooqnagar,Rangareddy,Telangana,0.83,17.070494,78.198574,VERIFIED,
TG-RR-FNR-BRG-0159,159,159,R. Prabhakar,Burgul,Farooqnagar,Rangareddy,Telangana,6.62,17.070865,78.194061,VERIFIED,
TG-RR-FNR-BRG-0160,160,160,E. Yadagiri,Burgul,Farooqnagar,Rangareddy,Telangana,4.85,17.07062,78.169164,VERIFIED,
TG-RR-FNR-BRG-0161,161,161,N. Shankaraiah,Burgul,Farooqnagar,Rangareddy,Telangana,8.21,17.070659,78.192117,VERIFIED,
TG-RR-FNR-BRG-0162,162,162,P. Suseela,Burgul,Farooqnagar,Rangareddy,Telangana,3.84,17.070769,78.179289,VERIFIED,
TG-RR-FNR-BRG-0163,163,163,B. Vittal Reddy,Burgul,Farooqnagar,Rangareddy,Telangana,3.9,17.070673,78.189614,VERIFIED,
TG-RR-FNR-BRG-0164,164,164,K. Padma,Burgul,Farooqnagar,Rangareddy,Telangana,5.8,17.070472,78.183489,VERIFIED,
TG-RR-FNR-BRG-0165,165,165,G. Lingaiah,Burgul,Farooqnagar,Rangareddy,Telangana,7.03,17.070594,78.174626,CONFLICT,Owner mismatch: Deed titleholder 'G. Lingaiah' vs Extracted 'P. Anjaneyulu'
TG-RR-FNR-BRG-0166,166,166,M. Krishna Murthy,Burgul,Farooqnagar,Rangareddy,Telangana,1.64,17.070483,78.180438,VERIFIED,
TG-RR-FNR-BRG-0167,167,167,S. Venkat Reddy,Burgul,Farooqnagar,Rangareddy,Telangana,3.87,17.070131,78.181057,VERIFIED,
TG-RR-FNR-BRG-0168,168,168,A. Jagadeeshwar,Burgul,Farooqnagar,Rangareddy,Telangana,7.42,17.070584,78.195367,VERIFIED,
TG-RR-FNR-BRG-0169,169,169,G. Srinivas Reddy,Burgul,Farooqnagar,Rangareddy,Telangana,2.34,17.070323,78.200705,VERIFIED,
TG-RR-FNR-BRG-0170,170,170,K. Venkateshwar Rao,Burgul,Farooqnagar,Rangareddy,Telangana,5.53,17.070323,78.17185,VERIFIED,
TG-RR-FNR-BRG-0171,171,171,M. Lakshmi Bai,Burgul,Farooqnagar,Rangareddy,Telangana,4.55,17.069744,78.179813,VERIFIED,
TG-RR-FNR-BRG-0172,172,172,P. Anjaneyulu,Burgul,Farooqnagar,Rangareddy,Telangana,5.7,17.070001,78.185036,VERIFIED,
TG-RR-FNR-BRG-0173,173,173,B. Satyanarayana,Burgul,Farooqnagar,Rangareddy,Telangana,5.36,17.070334,78.182228,VERIFIED,
TG-RR-FNR-BRG-0174,174,174,T. Ramaiah,Burgul,Farooqnagar,Rangareddy,Telangana,7.83,17.070038,78.201703,VERIFIED,
TG-RR-FNR-BRG-0175,175,175,Ch. Madhava Reddy,Burgul,Farooqnagar,Rangareddy,Telangana,8.09,17.070256,78.196402,VERIFIED,
TG-RR-FNR-BRG-0176,176,176,V. Narsimha,Burgul,Farooqnagar,Rangareddy,Telangana,3.16,17.070098,78.170379,VERIFIED,
TG-RR-FNR-BRG-0177,177,177,S. Kistamma,Burgul,Farooqnagar,Rangareddy,Telangana,6.92,17.069883,78.203273,VERIFIED,
TG-RR-FNR-BRG-0178,178,178,A. Balraj,Burgul,Farooqnagar,Rangareddy,Telangana,4.47,17.07018,78.175419,CONFLICT,Area mismatch: Document states 4.83 Acres vs GIS 4.47 Acres (8.0% diff)
TG-RR-FNR-BRG-0179,179,179,M. Mallesh Goud,Burgul,Farooqnagar,Rangareddy,Telangana,2.79,17.06987,78.200043,VERIFIED,
TG-RR-FNR-BRG-0180,180,180,K. Chandraiah,Burgul,Farooqnagar,Rangareddy,Telangana,6.97,17.069947,78.178195,VERIFIED,
TG-RR-FNR-BRG-0181,181,181,J. Ramachandra Reddy,Burgul,Farooqnagar,Rangareddy,Telangana,3.73,17.069873,78.193645,VERIFIED,
TG-RR-FNR-BRG-0182,182,182,D. Gopal Rao,Burgul,Farooqnagar,Rangareddy,Telangana,4.01,17.069619,78.175706,VERIFIED,
TG-RR-FNR-BRG-0183,183,183,R. Prabhakar,Burgul,Farooqnagar,Rangareddy,Telangana,5.65,17.069677,78.198208,VERIFIED,
TG-RR-FNR-BRG-0184,184,184,E. Yadagiri,Burgul,Farooqnagar,Rangareddy,Telangana,7.29,17.069544,78.172905,VERIFIED,
TG-RR-FNR-BRG-0185,185,185,N. Shankaraiah,Burgul,Farooqnagar,Rangareddy,Telangana,5.63,17.069265,78.190471,REVIEW_REQUIRED,Low OCR confidence in handwritten Tippon annotation
TG-RR-FNR-BRG-0186,186,186,P. Suseela,Burgul,Farooqnagar,Rangareddy,Telangana,1.85,17.06941,78.170502,VERIFIED,
TG-RR-FNR-BRG-0187,187,187,B. Vittal Reddy,Burgul,Farooqnagar,Rangareddy,Telangana,4.71,17.068986,78.19379,VERIFIED,
TG-RR-FNR-BRG-0188,188,188,K. Padma,Burgul,Farooqnagar,Rangareddy,Telangana,1.89,17.069304,78.189657,VERIFIED,
TG-RR-FNR-BRG-0189,189,189,G. Lingaiah,Burgul,Farooqnagar,Rangareddy,Telangana,4.63,17.069145,78.181744,VERIFIED,
TG-RR-FNR-BRG-0190,190,190,M. Krishna Murthy,Burgul,Farooqnagar,Rangareddy,Telangana,2.66,17.06953,78.169326,VERIFIED,
TG-RR-FNR-BRG-0191,191,191,S. Venkat Reddy,Burgul,Farooqnagar,Rangareddy,Telangana,4.52,17.069531,78.188726,VERIFIED,
TG-RR-FNR-BRG-0192,192,192,A. Jagadeeshwar,Burgul,Farooqnagar,Rangareddy,Telangana,4.75,17.069096,78.199978,VERIFIED,
TG-RR-FNR-BRG-0193,193,193,G. Srinivas Reddy,Burgul,Farooqnagar,Rangareddy,Telangana,1.25,17.068868,78.170249,VERIFIED,
TG-RR-FNR-BRG-0194,194,194,K. Venkateshwar Rao,Burgul,Farooqnagar,Rangareddy,Telangana,8.66,17.06929,78.204619,VERIFIED,
TG-RR-FNR-BRG-0195,195,195,M. Lakshmi Bai,Burgul,Farooqnagar,Rangareddy,Telangana,8.04,17.069029,78.192166,VERIFIED,
TG-RR-FNR-BRG-0196,196,196,P. Anjaneyulu,Burgul,Farooqnagar,Rangareddy,Telangana,5.87,17.069184,78.177317,VERIFIED,
TG-RR-FNR-BRG-0197,197,197,B. Satyanarayana,Burgul,Farooqnagar,Rangareddy,Telangana,3.64,17.069025,78.182846,CONFLICT,Owner mismatch: Deed titleholder 'B. Satyanarayana' vs Extracted 'K. Chandraiah'
TG-RR-FNR-BRG-0198,198,198,T. Ramaiah,Burgul,Farooqnagar,Rangareddy,Telangana,4.93,17.068802,78.197486,VERIFIED,
TG-RR-FNR-BRG-0199,199,199,Ch. Madhava Reddy,Burgul,Farooqnagar,Rangareddy,Telangana,6.62,17.068638,78.185371,VERIFIED,
TG-RR-FNR-BRG-0200,200,200,V. Narsimha,Burgul,Farooqnagar,Rangareddy,Telangana,5.13,17.068842,78.176302,VERIFIED,
TG-RR-FNR-BRG-0201,201,201,S. Kistamma,Burgul,Farooqnagar,Rangareddy,Telangana,4.68,17.068753,78.171219,VERIFIED,
TG-RR-FNR-BRG-0202,202,202,A. Balraj,Burgul,Farooqnagar,Rangareddy,Telangana,2.57,17.068469,78.169843,VERIFIED,
TG-RR-FNR-BRG-0203,203,203,M. Mallesh Goud,Burgul,Farooqnagar,Rangareddy,Telangana,13.23,17.069135,78.206175,VERIFIED,
TG-RR-FNR-BRG-0204,204,204,K. Chandraiah,Burgul,Farooqnagar,Rangareddy,Telangana,11.66,17.068883,78.186841,CONFLICT,Owner mismatch: Deed titleholder 'K. Chandraiah' vs Extracted 'B. Vittal Reddy'
TG-RR-FNR-BRG-0205,205,205,J. Ramachandra Reddy,Burgul,Farooqnagar,Rangareddy,Telangana,4.16,17.068603,78.184329,VERIFIED,
TG-RR-FNR-BRG-0206,206,206,D. Gopal Rao,Burgul,Farooqnagar,Rangareddy,Telangana,1.92,17.068895,78.183654,VERIFIED,
TG-RR-FNR-BRG-0207,207,207,R. Prabhakar,Burgul,Farooqnagar,Rangareddy,Telangana,7.05,17.068993,78.168451,VERIFIED,
TG-RR-FNR-BRG-0208,208,208,E. Yadagiri,Burgul,Farooqnagar,Rangareddy,Telangana,3.81,17.068752,78.188451,VERIFIED,
TG-RR-FNR-BRG-0209,209,209,N. Shankaraiah,Burgul,Farooqnagar,Rangareddy,Telangana,3.34,17.068674,78.178677,VERIFIED,
TG-RR-FNR-BRG-0210,210,210,P. Suseela,Burgul,Farooqnagar,Rangareddy,Telangana,5.87,17.068504,78.194701,VERIFIED,
TG-RR-FNR-BRG-0211,211,211,B. Vittal Reddy,Burgul,Farooqnagar,Rangareddy,Telangana,9.97,17.068285,78.174719,VERIFIED,
TG-RR-FNR-BRG-0212,212,212,K. Padma,Burgul,Farooqnagar,Rangareddy,Telangana,4.51,17.068411,78.172379,VERIFIED,
TG-RR-FNR-BRG-0213,213,213,G. Lingaiah,Burgul,Farooqnagar,Rangareddy,Telangana,5.1,17.068418,78.196645,VERIFIED,
TG-RR-FNR-BRG-0214,214,214,M. Krishna Murthy,Burgul,Farooqnagar,Rangareddy,Telangana,3.62,17.068836,78.207366,VERIFIED,
TG-RR-FNR-BRG-0215,215,215,S. Venkat Reddy,Burgul,Farooqnagar,Rangareddy,Telangana,7.45,17.06811,78.19871,CONFLICT,Area mismatch: Document states 8.05 Acres vs GIS 7.45 Acres (8.0% diff)
TG-RR-FNR-BRG-0216,216,216,A. Jagadeeshwar,Burgul,Farooqnagar,Rangareddy,Telangana,4.78,17.068306,78.17963,VERIFIED,
TG-RR-FNR-BRG-0217,217,217,G. Srinivas Reddy,Burgul,Farooqnagar,Rangareddy,Telangana,1.53,17.068112,78.183503,VERIFIED,
TG-RR-FNR-BRG-0218,218,218,K. Venkateshwar Rao,Burgul,Farooqnagar,Rangareddy,Telangana,7.01,17.068103,78.203428,VERIFIED,
TG-RR-FNR-BRG-0219,219,219,M. Lakshmi Bai,Burgul,Farooqnagar,Rangareddy,Telangana,1.47,17.068089,78.1887,VERIFIED,
TG-RR-FNR-BRG-0220,220,220,P. Anjaneyulu,Burgul,Farooqnagar,Rangareddy,Telangana,6.35,17.06794,78.200357,VERIFIED,
TG-RR-FNR-BRG-0221,221,221,B. Satyanarayana,Burgul,Farooqnagar,Rangareddy,Telangana,9.29,17.067964,78.18099,VERIFIED,
TG-RR-FNR-BRG-0222,222,222,T. Ramaiah,Burgul,Farooqnagar,Rangareddy,Telangana,5.68,17.06794,78.201472,VERIFIED,
TG-RR-FNR-BRG-0223,223,223,Ch. Madhava Reddy,Burgul,Farooqnagar,Rangareddy,Telangana,1.89,17.068305,78.195575,VERIFIED,
TG-RR-FNR-BRG-0224,224,224,V. Narsimha,Burgul,Farooqnagar,Rangareddy,Telangana,4.21,17.067817,78.182519,VERIFIED,
TG-RR-FNR-BRG-0225,225,225,S. Kistamma,Burgul,Farooqnagar,Rangareddy,Telangana,7.23,17.067669,78.202318,VERIFIED,
TG-RR-FNR-BRG-0226,226,226,A. Balraj,Burgul,Farooqnagar,Rangareddy,Telangana,4.05,17.067806,78.189422,VERIFIED,
TG-RR-FNR-BRG-0227,227,227,M. Mallesh Goud,Burgul,Farooqnagar,Rangareddy,Telangana,1.55,17.067613,78.207795,VERIFIED,
TG-RR-FNR-BRG-0228,228,228,K. Chandraiah,Burgul,Farooqnagar,Rangareddy,Telangana,1.36,17.067731,78.195439,VERIFIED,
TG-RR-FNR-BRG-0229,229,229,J. Ramachandra Reddy,Burgul,Farooqnagar,Rangareddy,Telangana,5.04,17.067826,78.192149,VERIFIED,
TG-RR-FNR-BRG-0230,230,230,D. Gopal Rao,Burgul,Farooqnagar,Rangareddy,Telangana,4.75,17.067464,78.206954,REVIEW_REQUIRED,Low OCR confidence in handwritten Tippon annotation
TG-RR-FNR-BRG-0231,231,231,R. Prabhakar,Burgul,Farooqnagar,Rangareddy,Telangana,2.35,17.06792,78.177817,VERIFIED,
TG-RR-FNR-BRG-0232,232,232,E. Yadagiri,Burgul,Farooqnagar,Rangareddy,Telangana,11.58,17.068058,78.167413,VERIFIED,
TG-RR-FNR-BRG-0233,233,233,N. Shankaraiah,Burgul,Farooqnagar,Rangareddy,Telangana,3.36,17.067443,78.17876,VERIFIED,
TG-RR-FNR-BRG-0234,234,234,P. Suseela,Burgul,Farooqnagar,Rangareddy,Telangana,2.76,17.067714,78.169323,VERIFIED,
TG-RR-FNR-BRG-0235,235,235,B. Vittal Reddy,Burgul,Farooqnagar,Rangareddy,Telangana,3.32,17.067689,78.17659,VERIFIED,
TG-RR-FNR-BRG-0236,236,236,K. Padma,Burgul,Farooqnagar,Rangareddy,Telangana,5.81,17.067703,78.190704,VERIFIED,
TG-RR-FNR-BRG-0237,237,237,G. Lingaiah,Burgul,Farooqnagar,Rangareddy,Telangana,6.1,17.067118,78.196644,VERIFIED,
TG-RR-FNR-BRG-0238,238,238,M. Krishna Murthy,Burgul,Farooqnagar,Rangareddy,Telangana,3.41,17.067471,78.172017,VERIFIED,
TG-RR-FNR-BRG-0239,239,239,S. Venkat Reddy,Burgul,Farooqnagar,Rangareddy,Telangana,3.91,17.066953,78.177666,VERIFIED,
TG-RR-FNR-BRG-0240,240,240,A. Jagadeeshwar,Burgul,Farooqnagar,Rangareddy,Telangana,9.12,17.067189,78.187723,VERIFIED,
TG-RR-FNR-BRG-0241,241,241,G. Srinivas Reddy,Burgul,Farooqnagar,Rangareddy,Telangana,2.46,17.067401,78.183791,VERIFIED,
TG-RR-FNR-BRG-0242,242,242,K. Venkateshwar Rao,Burgul,Farooqnagar,Rangareddy,Telangana,2.33,17.067098,78.169082,VERIFIED,
TG-RR-FNR-BRG-0243,243,243,M. Lakshmi Bai,Burgul,Farooqnagar,Rangareddy,Telangana,6.85,17.067493,78.173498,VERIFIED,
TG-RR-FNR-BRG-0244,244,244,P. Anjaneyulu,Burgul,Farooqnagar,Rangareddy,Telangana,5.76,17.06725,78.170639,VERIFIED,
TG-RR-FNR-BRG-0245,245,245,B. Satyanarayana,Burgul,Farooqnagar,Rangareddy,Telangana,2.25,17.067183,78.195237,VERIFIED,
TG-RR-FNR-BRG-0246,246,246,T. Ramaiah,Burgul,Farooqnagar,Rangareddy,Telangana,7.66,17.067234,78.205144,VERIFIED,
TG-RR-FNR-BRG-0247,247,247,Ch. Madhava Reddy,Burgul,Farooqnagar,Rangareddy,Telangana,5.56,17.066881,78.176168,VERIFIED,
TG-RR-FNR-BRG-0248,248,248,V. Narsimha,Burgul,Farooqnagar,Rangareddy,Telangana,4.71,17.067243,78.193214,VERIFIED,
TG-RR-FNR-BRG-0249,249,249,S. Kistamma,Burgul,Farooqnagar,Rangareddy,Telangana,3.07,17.06687,78.183027,VERIFIED,
TG-RR-FNR-BRG-0250,250,250,A. Balraj,Burgul,Farooqnagar,Rangareddy,Telangana,2.14,17.066897,78.191175,VERIFIED,
TG-RR-FNR-BRG-0251,251,251,M. Mallesh Goud,Burgul,Farooqnagar,Rangareddy,Telangana,4.76,17.066882,78.194265,VERIFIED,
TG-RR-FNR-BRG-0252,252,252,K. Chandraiah,Burgul,Farooqnagar,Rangareddy,Telangana,5.32,17.066366,78.171744,VERIFIED,
TG-RR-FNR-BRG-0253,253,253,J. Ramachandra Reddy,Burgul,Farooqnagar,Rangareddy,Telangana,7.76,17.066422,78.20409,VERIFIED,
TG-RR-FNR-BRG-0254,254,254,D. Gopal Rao,Burgul,Farooqnagar,Rangareddy,Telangana,5.81,17.066574,78.184357,VERIFIED,
TG-RR-FNR-BRG-0255,255,255,R. Prabhakar,Burgul,Farooqnagar,Rangareddy,Telangana,3.78,17.066889,78.180057,CONFLICT,Owner mismatch: Deed titleholder 'R. Prabhakar' vs Extracted 'M. Krishna Murthy'
TG-RR-FNR-BRG-0256,256,256,E. Yadagiri,Burgul,Farooqnagar,Rangareddy,Telangana,8.39,17.066397,78.189338,VERIFIED,
TG-RR-FNR-BRG-0257,257,257,N. Shankaraiah,Burgul,Farooqnagar,Rangareddy,Telangana,3.96,17.066155,78.191296,VERIFIED,
TG-RR-FNR-BRG-0258,258,258,P. Suseela,Burgul,Farooqnagar,Rangareddy,Telangana,7.85,17.066686,78.186123,VERIFIED,
TG-RR-FNR-BRG-0259,259,259,B. Vittal Reddy,Burgul,Farooqnagar,Rangareddy,Telangana,6.54,17.066099,78.195865,VERIFIED,
TG-RR-FNR-BRG-0260,260,260,K. Padma,Burgul,Farooqnagar,Rangareddy,Telangana,4.16,17.066202,78.192271,VERIFIED,
TG-RR-FNR-BRG-0261,261,261,G. Lingaiah,Burgul,Farooqnagar,Rangareddy,Telangana,2.98,17.066406,78.169355,VERIFIED,
TG-RR-FNR-BRG-0262,262,262,M. Krishna Murthy,Burgul,Farooqnagar,Rangareddy,Telangana,4.12,17.06621,78.172972,VERIFIED,
TG-RR-FNR-BRG-0263,263,263,S. Venkat Reddy,Burgul,Farooqnagar,Rangareddy,Telangana,10.38,17.06633,78.200251,VERIFIED,
TG-RR-FNR-BRG-0264,264,264,A. Jagadeeshwar,Burgul,Farooqnagar,Rangareddy,Telangana,3.36,17.066497,78.168139,VERIFIED,
TG-RR-FNR-BRG-0265,265,265,G. Srinivas Reddy,Burgul,Farooqnagar,Rangareddy,Telangana,8.38,17.066561,78.198138,VERIFIED,
TG-RR-FNR-BRG-0266,266,266,K. Venkateshwar Rao,Burgul,Farooqnagar,Rangareddy,Telangana,4.83,17.066049,78.185258,VERIFIED,
TG-RR-FNR-BRG-0267,267,267,M. Lakshmi Bai,Burgul,Farooqnagar,Rangareddy,Telangana,1.9,17.066429,78.17938,CONFLICT,Area mismatch: Document states 2.05 Acres vs GIS 1.9 Acres (8.0% diff)
TG-RR-FNR-BRG-0268,268,268,P. Anjaneyulu,Burgul,Farooqnagar,Rangareddy,Telangana,2.48,17.066322,78.178755,VERIFIED,
TG-RR-FNR-BRG-0269,269,269,B. Satyanarayana,Burgul,Farooqnagar,Rangareddy,Telangana,9.76,17.066148,78.207124,VERIFIED,
TG-RR-FNR-BRG-0270,270,270,T. Ramaiah,Burgul,Farooqnagar,Rangareddy,Telangana,3.4,17.066299,78.182808,VERIFIED,
TG-RR-FNR-BRG-0271,271,271,Ch. Madhava Reddy,Burgul,Farooqnagar,Rangareddy,Telangana,5.41,17.065793,78.170094,VERIFIED,
TG-RR-FNR-BRG-0272,272,272,V. Narsimha,Burgul,Farooqnagar,Rangareddy,Telangana,3.93,17.066271,78.180843,VERIFIED,
TG-RR-FNR-BRG-0273,273,273,S. Kistamma,Burgul,Farooqnagar,Rangareddy,Telangana,6.71,17.066153,78.16707,VERIFIED,
TG-RR-FNR-BRG-0274,274,274,A. Balraj,Burgul,Farooqnagar,Rangareddy,Telangana,5.88,17.065641,78.193173,VERIFIED,
TG-RR-FNR-BRG-0275,275,275,M. Mallesh Goud,Burgul,Farooqnagar,Rangareddy,Telangana,3.1,17.066067,78.182185,REVIEW_REQUIRED,Low OCR confidence in handwritten Tippon annotation
TG-RR-FNR-BRG-0276,276,276,K. Chandraiah,Burgul,Farooqnagar,Rangareddy,Telangana,4.14,17.065775,78.173755,VERIFIED,
TG-RR-FNR-BRG-0277,277,277,J. Ramachandra Reddy,Burgul,Farooqnagar,Rangareddy,Telangana,3.91,17.066289,78.174646,VERIFIED,
TG-RR-FNR-BRG-0278,278,278,D. Gopal Rao,Burgul,Farooqnagar,Rangareddy,Telangana,6.98,17.065768,78.176444,VERIFIED,
TG-RR-FNR-BRG-0279,279,279,R. Prabhakar,Burgul,Farooqnagar,Rangareddy,Telangana,2.63,17.065704,78.19898,VERIFIED,
TG-RR-FNR-BRG-0280,280,280,E. Yadagiri,Burgul,Farooqnagar,Rangareddy,Telangana,2.02,17.065524,78.180785,VERIFIED,
TG-RR-FNR-BRG-0281,281,281,N. Shankaraiah,Burgul,Farooqnagar,Rangareddy,Telangana,9.05,17.065158,78.178364,VERIFIED,
TG-RR-FNR-BRG-0282,282,282,P. Suseela,Burgul,Farooqnagar,Rangareddy,Telangana,6.26,17.065378,78.194663,VERIFIED,
TG-RR-FNR-BRG-0283,283,283,B. Vittal Reddy,Burgul,Farooqnagar,Rangareddy,Telangana,6.24,17.065213,78.168629,VERIFIED,
TG-RR-FNR-BRG-0284,284,284,K. Padma,Burgul,Farooqnagar,Rangareddy,Telangana,6.35,17.065139,78.174875,VERIFIED,
TG-RR-FNR-BRG-0285,285,285,G. Lingaiah,Burgul,Farooqnagar,Rangareddy,Telangana,1.51,17.065223,78.180348,VERIFIED,
TG-RR-FNR-BRG-0286,286,286,M. Krishna Murthy,Burgul,Farooqnagar,Rangareddy,Telangana,5.33,17.064766,78.179762,VERIFIED,
TG-RR-FNR-BRG-0287,287,287,S. Venkat Reddy,Burgul,Farooqnagar,Rangareddy,Telangana,6.61,17.065909,78.202519,VERIFIED,
TG-RR-FNR-BRG-0288,288,288,A. Jagadeeshwar,Burgul,Farooqnagar,Rangareddy,Telangana,2.22,17.065421,78.182101,VERIFIED,
TG-RR-FNR-BRG-0289,289,289,G. Srinivas Reddy,Burgul,Farooqnagar,Rangareddy,Telangana,0.79,17.065018,78.202589,VERIFIED,
TG-RR-FNR-BRG-0290,290,290,K. Venkateshwar Rao,Burgul,Farooqnagar,Rangareddy,Telangana,5.25,17.065336,78.190206,VERIFIED,
TG-RR-FNR-BRG-0291,291,291,M. Lakshmi Bai,Burgul,Farooqnagar,Rangareddy,Telangana,5.97,17.065045,78.197905,VERIFIED,
TG-RR-FNR-BRG-0292,292,292,P. Anjaneyulu,Burgul,Farooqnagar,Rangareddy,Telangana,11.13,17.065184,78.187578,VERIFIED,
TG-RR-FNR-BRG-0293,293,293,B. Satyanarayana,Burgul,Farooqnagar,Rangareddy,Telangana,5.75,17.065282,78.205886,VERIFIED,
TG-RR-FNR-BRG-0294,294,294,T. Ramaiah,Burgul,Farooqnagar,Rangareddy,Telangana,2.14,17.065098,78.183135,VERIFIED,
TG-RR-FNR-BRG-0295,295,295,Ch. Madhava Reddy,Burgul,Farooqnagar,Rangareddy,Telangana,6.13,17.064583,78.166587,VERIFIED,
TG-RR-FNR-BRG-0296,296,296,V. Narsimha,Burgul,Farooqnagar,Rangareddy,Telangana,4.86,17.064753,78.199324,VERIFIED,
TG-RR-FNR-BRG-0297,297,297,S. Kistamma,Burgul,Farooqnagar,Rangareddy,Telangana,0.63,17.064873,78.182178,VERIFIED,
TG-RR-FNR-BRG-0298,298,298,A. Balraj,Burgul,Farooqnagar,Rangareddy,Telangana,1.39,17.064939,78.203061,CONFLICT,Owner mismatch: Deed titleholder 'A. Balraj' vs Extracted 'N. Shankaraiah'
TG-RR-FNR-BRG-0299,299,299,M. Mallesh Goud,Burgul,Farooqnagar,Rangareddy,Telangana,3.93,17.06493,78.205007,VERIFIED,
TG-RR-FNR-BRG-0300,300,300,K. Chandraiah,Burgul,Farooqnagar,Rangareddy,Telangana,8.08,17.064766,78.17059,VERIFIED,
TG-RR-FNR-BRG-0301,301,301,J. Ramachandra Reddy,Burgul,Farooqnagar,Rangareddy,Telangana,7.29,17.064854,78.201456,VERIFIED,
TG-RR-FNR-BRG-0302,302,302,D. Gopal Rao,Burgul,Farooqnagar,Rangareddy,Telangana,6.4,17.064912,78.172419,VERIFIED,
TG-RR-FNR-BRG-0303,303,303,R. Prabhakar,Burgul,Farooqnagar,Rangareddy,Telangana,3.48,17.064969,78.183883,VERIFIED,
TG-RR-FNR-BRG-0304,304,304,E. Yadagiri,Burgul,Farooqnagar,Rangareddy,Telangana,1.06,17.064501,78.182604,VERIFIED,
TG-RR-FNR-BRG-0305,305,305,N. Shankaraiah,Burgul,Farooqnagar,Rangareddy,Telangana,4.76,17.064563,78.181305,VERIFIED,
TG-RR-FNR-BRG-0306,306,306,P. Suseela,Burgul,Farooqnagar,Rangareddy,Telangana,6.79,17.064666,78.191479,VERIFIED,
TG-RR-FNR-BRG-0307,307,307,B. Vittal Reddy,Burgul,Farooqnagar,Rangareddy,Telangana,3.85,17.064932,78.20384,VERIFIED,
TG-RR-FNR-BRG-0308,308,308,K. Padma,Burgul,Farooqnagar,Rangareddy,Telangana,3.82,17.06485,78.176725,VERIFIED,
TG-RR-FNR-BRG-0309,309,309,G. Lingaiah,Burgul,Farooqnagar,Rangareddy,Telangana,2.72,17.064198,78.177367,VERIFIED,
TG-RR-FNR-BRG-0310,310,310,M. Krishna Murthy,Burgul,Farooqnagar,Rangareddy,Telangana,6.1,17.064559,78.207087,VERIFIED,
TG-RR-FNR-BRG-0311,311,311,S. Venkat Reddy,Burgul,Farooqnagar,Rangareddy,Telangana,6.15,17.064558,78.185048,VERIFIED,
TG-RR-FNR-BRG-0312,312,312,A. Jagadeeshwar,Burgul,Farooqnagar,Rangareddy,Telangana,1.72,17.064085,78.203268,CONFLICT,Area mismatch: Document states 1.86 Acres vs GIS 1.72 Acres (8.0% diff)
TG-RR-FNR-BRG-0313,313,313,G. Srinivas Reddy,Burgul,Farooqnagar,Rangareddy,Telangana,3.39,17.063864,78.182016,VERIFIED,
TG-RR-FNR-BRG-0314,314,314,K. Venkateshwar Rao,Burgul,Farooqnagar,Rangareddy,Telangana,5.06,17.064594,78.18911,VERIFIED,
TG-RR-FNR-BRG-0315,315,315,M. Lakshmi Bai,Burgul,Farooqnagar,Rangareddy,Telangana,7.13,17.063774,78.176668,VERIFIED,
TG-RR-FNR-BRG-0316,316,316,P. Anjaneyulu,Burgul,Farooqnagar,Rangareddy,Telangana,2.22,17.064107,78.20244,VERIFIED,
TG-RR-FNR-BRG-0317,317,317,B. Satyanarayana,Burgul,Farooqnagar,Rangareddy,Telangana,8.25,17.06405,78.186278,VERIFIED,
TG-RR-FNR-BRG-0318,318,318,T. Ramaiah,Burgul,Farooqnagar,Rangareddy,Telangana,2.14,17.064051,78.183938,VERIFIED,
TG-RR-FNR-BRG-0319,319,319,Ch. Madhava Reddy,Burgul,Farooqnagar,Rangareddy,Telangana,7.07,17.064559,78.196638,VERIFIED,
TG-RR-FNR-BRG-0320,320,320,V. Narsimha,Burgul,Farooqnagar,Rangareddy,Telangana,9.55,17.063991,78.168,REVIEW_REQUIRED,Low OCR confidence in handwritten Tippon annotation
TG-RR-FNR-BRG-0321,321,321,S. Kistamma,Burgul,Farooqnagar,Rangareddy,Telangana,5.19,17.06374,78.204286,VERIFIED,
TG-RR-FNR-BRG-0322,322,322,A. Balraj,Burgul,Farooqnagar,Rangareddy,Telangana,9.57,17.064003,78.193235,VERIFIED,
TG-RR-FNR-BRG-0323,323,323,M. Mallesh Goud,Burgul,Farooqnagar,Rangareddy,Telangana,3.12,17.064097,78.194514,VERIFIED,
TG-RR-FNR-BRG-0324,324,324,K. Chandraiah,Burgul,Farooqnagar,Rangareddy,Telangana,3.71,17.064248,78.195546,VERIFIED,
TG-RR-FNR-BRG-0325,325,325,J. Ramachandra Reddy,Burgul,Farooqnagar,Rangareddy,Telangana,3.95,17.063586,78.18927,VERIFIED,
TG-RR-FNR-BRG-0326,326,326,D. Gopal Rao,Burgul,Farooqnagar,Rangareddy,Telangana,2.55,17.064171,78.208086,VERIFIED,
TG-RR-FNR-BRG-0327,327,327,R. Prabhakar,Burgul,Farooqnagar,Rangareddy,Telangana,2.75,17.063757,78.183188,VERIFIED,
TG-RR-FNR-BRG-0328,328,328,E. Yadagiri,Burgul,Farooqnagar,Rangareddy,Telangana,2.31,17.06396,78.190795,VERIFIED,
TG-RR-FNR-BRG-0329,329,329,N. Shankaraiah,Burgul,Farooqnagar,Rangareddy,Telangana,2.05,17.063865,78.171614,VERIFIED,
TG-RR-FNR-BRG-0330,330,330,P. Suseela,Burgul,Farooqnagar,Rangareddy,Telangana,1.99,17.06384,78.172517,VERIFIED,
TG-RR-FNR-BRG-0331,331,331,B. Vittal Reddy,Burgul,Farooqnagar,Rangareddy,Telangana,4.78,17.06364,78.205488,VERIFIED,
TG-RR-FNR-BRG-0332,332,332,K. Padma,Burgul,Farooqnagar,Rangareddy,Telangana,10.97,17.063497,78.200538,VERIFIED,
TG-RR-FNR-BRG-0333,333,333,G. Lingaiah,Burgul,Farooqnagar,Rangareddy,Telangana,10.6,17.063491,78.173754,VERIFIED,
TG-RR-FNR-BRG-0334,334,334,M. Krishna Murthy,Burgul,Farooqnagar,Rangareddy,Telangana,0.97,17.063608,78.194873,VERIFIED,
TG-RR-FNR-BRG-0335,335,335,S. Venkat Reddy,Burgul,Farooqnagar,Rangareddy,Telangana,1.59,17.063639,78.207649,CONFLICT,Owner mismatch: Deed titleholder 'S. Venkat Reddy' vs Extracted 'T. Ramaiah'
TG-RR-FNR-BRG-0336,336,336,A. Jagadeeshwar,Burgul,Farooqnagar,Rangareddy,Telangana,4.3,17.063628,78.170607,VERIFIED,
TG-RR-FNR-BRG-0337,337,337,G. Srinivas Reddy,Burgul,Farooqnagar,Rangareddy,Telangana,2.27,17.063361,78.190111,VERIFIED,
TG-RR-FNR-BRG-0338,338,338,K. Venkateshwar Rao,Burgul,Farooqnagar,Rangareddy,Telangana,5.16,17.062814,78.172357,VERIFIED,
TG-RR-FNR-BRG-0339,339,339,M. Lakshmi Bai,Burgul,Farooqnagar,Rangareddy,Telangana,6.61,17.063308,78.199136,VERIFIED,
TG-RR-FNR-BRG-0340,340,340,P. Anjaneyulu,Burgul,Farooqnagar,Rangareddy,Telangana,1.44,17.063338,78.196994,VERIFIED,
TG-RR-FNR-BRG-0341,341,341,B. Satyanarayana,Burgul,Farooqnagar,Rangareddy,Telangana,7.53,17.063108,78.202492,VERIFIED,
TG-RR-FNR-BRG-0342,342,342,T. Ramaiah,Burgul,Farooqnagar,Rangareddy,Telangana,3.57,17.063031,78.195036,VERIFIED,
TG-RR-FNR-BRG-0343,343,343,Ch. Madhava Reddy,Burgul,Farooqnagar,Rangareddy,Telangana,4.95,17.063341,78.197716,VERIFIED,
TG-RR-FNR-BRG-0344,344,344,V. Narsimha,Burgul,Farooqnagar,Rangareddy,Telangana,1.73,17.063267,78.196316,VERIFIED,
TG-RR-FNR-BRG-0345,345,345,S. Kistamma,Burgul,Farooqnagar,Rangareddy,Telangana,7.18,17.062714,78.207579,VERIFIED,
TG-RR-FNR-BRG-0346,346,346,A. Balraj,Burgul,Farooqnagar,Rangareddy,Telangana,8.44,17.062873,78.191099,VERIFIED,
TG-RR-FNR-BRG-0347,347,347,M. Mallesh Goud,Burgul,Farooqnagar,Rangareddy,Telangana,6.99,17.06302,78.184876,VERIFIED,
TG-RR-FNR-BRG-0348,348,348,K. Chandraiah,Burgul,Farooqnagar,Rangareddy,Telangana,9.09,17.063121,78.175554,CONFLICT,Area mismatch: Document states 9.82 Acres vs GIS 9.09 Acres (8.0% diff)
TG-RR-FNR-BRG-0349,349,349,J. Ramachandra Reddy,Burgul,Farooqnagar,Rangareddy,Telangana,16.81,17.063027,78.179563,VERIFIED,
TG-RR-FNR-BRG-0350,350,350,D. Gopal Rao,Burgul,Farooqnagar,Rangareddy,Telangana,6.03,17.063302,78.187555,VERIFIED,
TG-RR-FNR-BRG-0351,351,351,R. Prabhakar,Burgul,Farooqnagar,Rangareddy,Telangana,3.39,17.062954,78.183265,VERIFIED,
TG-RR-FNR-BRG-0352,352,352,E. Yadagiri,Burgul,Farooqnagar,Rangareddy,Telangana,4.54,17.062561,78.171187,VERIFIED,
TG-RR-FNR-BRG-0353,353,353,N. Shankaraiah,Burgul,Farooqnagar,Rangareddy,Telangana,2.63,17.062574,78.196465,VERIFIED,
TG-RR-FNR-BRG-0354,354,354,P. Suseela,Burgul,Farooqnagar,Rangareddy,Telangana,2.97,17.062636,78.205548,VERIFIED,
TG-RR-FNR-BRG-0355,355,355,B. Vittal Reddy,Burgul,Farooqnagar,Rangareddy,Telangana,5.15,17.062931,78.168782,VERIFIED,
TG-RR-FNR-BRG-0356,356,356,K. Padma,Burgul,Farooqnagar,Rangareddy,Telangana,6.61,17.062414,78.188793,VERIFIED,
TG-RR-FNR-BRG-0357,357,357,G. Lingaiah,Burgul,Farooqnagar,Rangareddy,Telangana,3.44,17.062248,78.183108,VERIFIED,
TG-RR-FNR-BRG-0358,358,358,M. Krishna Murthy,Burgul,Farooqnagar,Rangareddy,Telangana,7.74,17.062511,78.181484,VERIFIED,
TG-RR-FNR-BRG-0359,359,359,S. Venkat Reddy,Burgul,Farooqnagar,Rangareddy,Telangana,5.35,17.062369,78.206466,VERIFIED,
TG-RR-FNR-BRG-0360,360,360,A. Jagadeeshwar,Burgul,Farooqnagar,Rangareddy,Telangana,6.17,17.062094,78.17062,VERIFIED,
TG-RR-FNR-BRG-0361,361,361,G. Srinivas Reddy,Burgul,Farooqnagar,Rangareddy,Telangana,11.95,17.062076,78.167069,VERIFIED,
TG-RR-FNR-BRG-0362,362,362,K. Venkateshwar Rao,Burgul,Farooqnagar,Rangareddy,Telangana,3.49,17.061753,78.168306,VERIFIED,
TG-RR-FNR-BRG-0363,363,363,M. Lakshmi Bai,Burgul,Farooqnagar,Rangareddy,Telangana,1.51,17.062272,78.18771,VERIFIED,
TG-RR-FNR-BRG-0364,364,364,P. Anjaneyulu,Burgul,Farooqnagar,Rangareddy,Telangana,6.1,17.062211,78.198567,VERIFIED,
TG-RR-FNR-BRG-0365,365,365,B. Satyanarayana,Burgul,Farooqnagar,Rangareddy,Telangana,7.21,17.062503,78.192796,REVIEW_REQUIRED,Low OCR confidence in handwritten Tippon annotation
TG-RR-FNR-BRG-0366,366,366,T. Ramaiah,Burgul,Farooqnagar,Rangareddy,Telangana,3.51,17.062034,78.187216,VERIFIED,
TG-RR-FNR-BRG-0367,367,367,Ch. Madhava Reddy,Burgul,Farooqnagar,Rangareddy,Telangana,1.92,17.062282,78.195624,VERIFIED,
TG-RR-FNR-BRG-0368,368,368,V. Narsimha,Burgul,Farooqnagar,Rangareddy,Telangana,6.78,17.061982,78.204726,VERIFIED,
TG-RR-FNR-BRG-0369,369,369,S. Kistamma,Burgul,Farooqnagar,Rangareddy,Telangana,3.62,17.061242,78.19557,VERIFIED,
TG-RR-FNR-BRG-0370,370,370,A. Balraj,Burgul,Farooqnagar,Rangareddy,Telangana,9.93,17.061876,78.202892,VERIFIED,
TG-RR-FNR-BRG-0371,371,371,M. Mallesh Goud,Burgul,Farooqnagar,Rangareddy,Telangana,4.06,17.061477,78.192877,VERIFIED,
TG-RR-FNR-BRG-0372,372,372,K. Chandraiah,Burgul,Farooqnagar,Rangareddy,Telangana,3.81,17.061745,78.194791,VERIFIED,
TG-RR-FNR-BRG-0373,373,373,J. Ramachandra Reddy,Burgul,Farooqnagar,Rangareddy,Telangana,6.19,17.061453,78.196689,VERIFIED,
TG-RR-FNR-BRG-0374,374,374,D. Gopal Rao,Burgul,Farooqnagar,Rangareddy,Telangana,8.35,17.061513,78.169611,VERIFIED,
TG-RR-FNR-BRG-0375,375,375,R. Prabhakar,Burgul,Farooqnagar,Rangareddy,Telangana,2.68,17.061844,78.194107,VERIFIED,
TG-RR-FNR-BRG-0376,376,376,E. Yadagiri,Burgul,Farooqnagar,Rangareddy,Telangana,10.35,17.061421,78.184637,VERIFIED,
TG-RR-FNR-BRG-0377,377,377,N. Shankaraiah,Burgul,Farooqnagar,Rangareddy,Telangana,8.72,17.061712,78.174891,VERIFIED,
TG-RR-FNR-BRG-0378,378,378,P. Suseela,Burgul,Farooqnagar,Rangareddy,Telangana,4.18,17.061532,78.182014,VERIFIED,
TG-RR-FNR-BRG-0379,379,379,B. Vittal Reddy,Burgul,Farooqnagar,Rangareddy,Telangana,10.16,17.061938,78.177441,VERIFIED,
TG-RR-FNR-BRG-0380,380,380,K. Padma,Burgul,Farooqnagar,Rangareddy,Telangana,6.9,17.061519,78.186303,CONFLICT,Owner mismatch: Deed titleholder 'K. Padma' vs Extracted 'M. Lakshmi Bai'
TG-RR-FNR-BRG-0381,381,381,G. Lingaiah,Burgul,Farooqnagar,Rangareddy,Telangana,3.59,17.06136,78.17623,VERIFIED,
TG-RR-FNR-BRG-0382,382,382,M. Krishna Murthy,Burgul,Farooqnagar,Rangareddy,Telangana,10.37,17.061374,78.190947,VERIFIED,
TG-RR-FNR-BRG-0383,383,383,S. Venkat Reddy,Burgul,Farooqnagar,Rangareddy,Telangana,3.71,17.061218,78.197999,VERIFIED,
TG-RR-FNR-BRG-0384,384,384,A. Jagadeeshwar,Burgul,Farooqnagar,Rangareddy,Telangana,13.44,17.060376,78.182582,VERIFIED,
TG-RR-FNR-BRG-0385,385,385,G. Srinivas Reddy,Burgul,Farooqnagar,Rangareddy,Telangana,5.8,17.060747,78.193914,VERIFIED,
TG-RR-FNR-BRG-0386,386,386,K. Venkateshwar Rao,Burgul,Farooqnagar,Rangareddy,Telangana,3.67,17.061371,78.199383,VERIFIED,
TG-RR-FNR-BRG-0387,387,387,M. Lakshmi Bai,Burgul,Farooqnagar,Rangareddy,Telangana,2.78,17.060932,78.187425,VERIFIED,
TG-RR-FNR-BRG-0388,388,388,P. Anjaneyulu,Burgul,Farooqnagar,Rangareddy,Telangana,9.17,17.060917,78.206769,VERIFIED,
TG-RR-FNR-BRG-0389,389,389,B. Satyanarayana,Burgul,Farooqnagar,Rangareddy,Telangana,10.5,17.060959,78.200725,VERIFIED,
TG-RR-FNR-BRG-0390,390,390,T. Ramaiah,Burgul,Farooqnagar,Rangareddy,Telangana,14.7,17.060768,78.172669,VERIFIED,
TG-RR-FNR-BRG-0391,391,391,Ch. Madhava Reddy,Burgul,Farooqnagar,Rangareddy,Telangana,7.0,17.060655,78.204569,VERIFIED,
TG-RR-FNR-BRG-0392,392,392,V. Narsimha,Burgul,Farooqnagar,Rangareddy,Telangana,1.91,17.060341,78.198772,VERIFIED,
TG-RR-FNR-BRG-0393,393,393,S. Kistamma,Burgul,Farooqnagar,Rangareddy,Telangana,11.75,17.060511,78.180443,VERIFIED,
TG-RR-FNR-BRG-0394,394,394,A. Balraj,Burgul,Farooqnagar,Rangareddy,Telangana,1.94,17.060955,78.188358,VERIFIED,
TG-RR-FNR-BRG-0395,395,395,M. Mallesh Goud,Burgul,Farooqnagar,Rangareddy,Telangana,1.52,17.06041,78.187824,VERIFIED,
TG-RR-FNR-BRG-0396,396,396,K. Chandraiah,Burgul,Farooqnagar,Rangareddy,Telangana,2.98,17.061091,78.20192,VERIFIED,
TG-RR-FNR-BRG-0397,397,397,J. Ramachandra Reddy,Burgul,Farooqnagar,Rangareddy,Telangana,6.0,17.061087,78.178864,VERIFIED,
TG-RR-FNR-BRG-0398,398,398,D. Gopal Rao,Burgul,Farooqnagar,Rangareddy,Telangana,3.79,17.0602,78.199534,VERIFIED,
TG-RR-FNR-BRG-0399,399,399,R. Prabhakar,Burgul,Farooqnagar,Rangareddy,Telangana,4.02,17.060826,78.189494,VERIFIED,
TG-RR-FNR-BRG-0400,400,400,E. Yadagiri,Burgul,Farooqnagar,Rangareddy,Telangana,1.97,17.060739,78.188891,VERIFIED,
TG-RR-FNR-BRG-0401,401,401,N. Shankaraiah,Burgul,Farooqnagar,Rangareddy,Telangana,2.48,17.059972,78.201574,VERIFIED,
TG-RR-FNR-BRG-0402,402,402,P. Suseela,Burgul,Farooqnagar,Rangareddy,Telangana,1.4,17.060064,78.188471,VERIFIED,
TG-RR-FNR-BRG-0403,403,403,B. Vittal Reddy,Burgul,Farooqnagar,Rangareddy,Telangana,4.74,17.060193,78.202516,VERIFIED,
TG-RR-FNR-BRG-0404,404,404,K. Padma,Burgul,Farooqnagar,Rangareddy,Telangana,4.1,17.060404,78.197519,VERIFIED,
TG-RR-FNR-BRG-0405,405,405,G. Lingaiah,Burgul,Farooqnagar,Rangareddy,Telangana,7.66,17.06025,78.174055,VERIFIED,
TG-RR-FNR-BRG-0406,406,406,M. Krishna Murthy,Burgul,Farooqnagar,Rangareddy,Telangana,4.73,17.060252,78.177227,VERIFIED,
TG-RR-FNR-BRG-0407,407,407,S. Venkat Reddy,Burgul,Farooqnagar,Rangareddy,Telangana,9.43,17.059706,78.190907,VERIFIED,
TG-RR-FNR-BRG-0408,408,408,A. Jagadeeshwar,Burgul,Farooqnagar,Rangareddy,Telangana,6.18,17.059955,78.175938,VERIFIED,
TG-RR-FNR-BRG-0409,409,409,G. Srinivas Reddy,Burgul,Farooqnagar,Rangareddy,Telangana,6.6,17.059424,78.179455,VERIFIED,
TG-RR-FNR-BRG-0410,410,410,K. Venkateshwar Rao,Burgul,Farooqnagar,Rangareddy,Telangana,6.4,17.060098,78.185793,REVIEW_REQUIRED,Low OCR confidence in handwritten Tippon annotation
TG-RR-FNR-BRG-0411,411,411,M. Lakshmi Bai,Burgul,Farooqnagar,Rangareddy,Telangana,5.89,17.059657,78.205216,VERIFIED,
TG-RR-FNR-BRG-0412,412,412,P. Anjaneyulu,Burgul,Farooqnagar,Rangareddy,Telangana,5.68,17.05994,78.193779,CONFLICT,Area mismatch: Document states 6.13 Acres vs GIS 5.68 Acres (8.0% diff)
TG-RR-FNR-BRG-0413,413,413,B. Satyanarayana,Burgul,Farooqnagar,Rangareddy,Telangana,13.89,17.05987,78.168197,VERIFIED,
TG-RR-FNR-BRG-0414,414,414,T. Ramaiah,Burgul,Farooqnagar,Rangareddy,Telangana,10.32,17.05979,78.171102,VERIFIED,
TG-RR-FNR-BRG-0415,415,415,Ch. Madhava Reddy,Burgul,Farooqnagar,Rangareddy,Telangana,7.56,17.059287,78.197776,VERIFIED,
TG-RR-FNR-BRG-0416,416,416,V. Narsimha,Burgul,Farooqnagar,Rangareddy,Telangana,3.65,17.05974,78.187114,VERIFIED,
TG-RR-FNR-BRG-0417,417,417,S. Kistamma,Burgul,Farooqnagar,Rangareddy,Telangana,2.62,17.059998,78.169927,VERIFIED,
TG-RR-FNR-BRG-0418,418,418,A. Balraj,Burgul,Farooqnagar,Rangareddy,Telangana,5.91,17.059366,78.178361,VERIFIED,
TG-RR-FNR-BRG-0419,419,419,M. Mallesh Goud,Burgul,Farooqnagar,Rangareddy,Telangana,4.75,17.059271,78.189784,VERIFIED,
TG-RR-FNR-BRG-0420,420,420,K. Chandraiah,Burgul,Farooqnagar,Rangareddy,Telangana,17.01,17.058686,78.19261,VERIFIED,
TG-RR-FNR-BRG-0421,421,421,J. Ramachandra Reddy,Burgul,Farooqnagar,Rangareddy,Telangana,6.33,17.058751,78.169979,VERIFIED,
TG-RR-FNR-BRG-0422,422,422,D. Gopal Rao,Burgul,Farooqnagar,Rangareddy,Telangana,10.68,17.059213,78.203025,VERIFIED,
TG-RR-FNR-BRG-0423,423,423,R. Prabhakar,Burgul,Farooqnagar,Rangareddy,Telangana,10.57,17.058852,78.174745,VERIFIED,
TG-RR-FNR-BRG-0424,424,424,E. Yadagiri,Burgul,Farooqnagar,Rangareddy,Telangana,5.75,17.058643,78.20585,VERIFIED,
TG-RR-FNR-BRG-0425,425,425,N. Shankaraiah,Burgul,Farooqnagar,Rangareddy,Telangana,2.18,17.05937,78.206649,CONFLICT,Owner mismatch: Deed titleholder 'N. Shankaraiah' vs Extracted 'A. Jagadeeshwar'
TG-RR-FNR-BRG-0426,426,426,P. Suseela,Burgul,Farooqnagar,Rangareddy,Telangana,4.9,17.058929,78.187795,VERIFIED,
TG-RR-FNR-BRG-0427,427,427,B. Vittal Reddy,Burgul,Farooqnagar,Rangareddy,Telangana,12.6,17.059085,78.196237,VERIFIED,
TG-RR-FNR-BRG-0428,428,428,K. Padma,Burgul,Farooqnagar,Rangareddy,Telangana,4.35,17.059048,78.185292,VERIFIED,
TG-RR-FNR-BRG-0429,429,429,G. Lingaiah,Burgul,Farooqnagar,Rangareddy,Telangana,8.1,17.05862,78.177404,VERIFIED,
TG-RR-FNR-BRG-0430,430,430,M. Krishna Murthy,Burgul,Farooqnagar,Rangareddy,Telangana,5.88,17.058633,78.189066,VERIFIED,
TG-RR-FNR-BRG-0431,431,431,S. Venkat Reddy,Burgul,Farooqnagar,Rangareddy,Telangana,10.95,17.05896,78.184126,VERIFIED,
TG-RR-FNR-BRG-0432,432,432,A. Jagadeeshwar,Burgul,Farooqnagar,Rangareddy,Telangana,11.8,17.058752,78.200104,VERIFIED,
TG-RR-FNR-BRG-0433,433,433,G. Srinivas Reddy,Burgul,Farooqnagar,Rangareddy,Telangana,11.36,17.058344,78.194637,VERIFIED,
TG-RR-FNR-BRG-0434,434,434,K. Venkateshwar Rao,Burgul,Farooqnagar,Rangareddy,Telangana,6.68,17.058298,78.186305,VERIFIED,
TG-RR-FNR-BRG-0435,435,435,M. Lakshmi Bai,Burgul,Farooqnagar,Rangareddy,Telangana,8.93,17.058036,78.204377,VERIFIED,
TG-RR-FNR-BRG-0436,436,436,P. Anjaneyulu,Burgul,Farooqnagar,Rangareddy,Telangana,5.77,17.057902,78.169105,VERIFIED,
TG-RR-FNR-BRG-0437,437,437,B. Satyanarayana,Burgul,Farooqnagar,Rangareddy,Telangana,10.92,17.057686,78.198629,VERIFIED,
TG-RR-FNR-BRG-0438,438,438,T. Ramaiah,Burgul,Farooqnagar,Rangareddy,Telangana,11.3,17.057754,78.173383,VERIFIED,
TG-RR-FNR-BRG-0439,439,439,Ch. Madhava Reddy,Burgul,Farooqnagar,Rangareddy,Telangana,3.81,17.058067,78.167897,VERIFIED,
TG-RR-FNR-BRG-0440,440,440,V. Narsimha,Burgul,Farooqnagar,Rangareddy,Telangana,2.05,17.05707,78.168564,VERIFIED,
TG-RR-FNR-BRG-0441,441,441,S. Kistamma,Burgul,Farooqnagar,Rangareddy,Telangana,7.95,17.057806,78.172013,VERIFIED,
TG-RR-FNR-BRG-0442,442,442,A. Balraj,Burgul,Farooqnagar,Rangareddy,Telangana,13.52,17.057448,78.176185,VERIFIED,
TG-RR-FNR-BRG-0443,443,443,M. Mallesh Goud,Burgul,Farooqnagar,Rangareddy,Telangana,7.37,17.057381,78.187758,VERIFIED,
TG-RR-FNR-BRG-0444,444,444,K. Chandraiah,Burgul,Farooqnagar,Rangareddy,Telangana,9.39,17.057907,78.182791,VERIFIED,
TG-RR-FNR-BRG-0445,445,445,J. Ramachandra Reddy,Burgul,Farooqnagar,Rangareddy,Telangana,11.31,17.057496,78.181547,VERIFIED,
TG-RR-FNR-BRG-0446,446,446,D. Gopal Rao,Burgul,Farooqnagar,Rangareddy,Telangana,10.82,17.057475,78.180399,VERIFIED,
TG-RR-FNR-BRG-0447,447,447,R. Prabhakar,Burgul,Farooqnagar,Rangareddy,Telangana,4.42,17.057357,78.203324,VERIFIED,
TG-RR-FNR-BRG-0448,448,448,E. Yadagiri,Burgul,Farooqnagar,Rangareddy,Telangana,18.84,17.057116,78.190049,VERIFIED,
TG-RR-FNR-BRG-0449,449,449,N. Shankaraiah,Burgul,Farooqnagar,Rangareddy,Telangana,12.42,17.057294,78.201587,VERIFIED,
TG-RR-FNR-BRG-0450,450,450,P. Suseela,Burgul,Farooqnagar,Rangareddy,Telangana,5.37,17.057146,78.184074,CONFLICT,Area mismatch: Document states 5.8 Acres vs GIS 5.37 Acres (8.0% diff)
TG-RR-FNR-BRG-0451,451,451,B. Vittal Reddy,Burgul,Farooqnagar,Rangareddy,Telangana,8.69,17.057314,78.17886,VERIFIED,
TG-RR-FNR-BRG-0452,452,452,K. Padma,Burgul,Farooqnagar,Rangareddy,Telangana,7.29,17.056536,78.186759,VERIFIED,
TG-RR-FNR-BRG-0453,453,453,G. Lingaiah,Burgul,Farooqnagar,Rangareddy,Telangana,6.91,17.056926,78.171048,VERIFIED,
TG-RR-FNR-BRG-0454,454,454,M. Krishna Murthy,Burgul,Farooqnagar,Rangareddy,Telangana,5.35,17.056267,78.202832,VERIFIED,
TG-RR-FNR-BRG-0455,455,455,S. Venkat Reddy,Burgul,Farooqnagar,Rangareddy,Telangana,9.13,17.056836,78.194911,REVIEW_REQUIRED,Low OCR confidence in handwritten Tippon annotation
TG-RR-FNR-BRG-0456,456,456,A. Jagadeeshwar,Burgul,Farooqnagar,Rangareddy,Telangana,6.58,17.05657,78.185477,VERIFIED,
TG-RR-FNR-BRG-0457,457,457,G. Srinivas Reddy,Burgul,Farooqnagar,Rangareddy,Telangana,9.97,17.056344,78.169724,VERIFIED,
TG-RR-FNR-BRG-0458,458,458,K. Venkateshwar Rao,Burgul,Farooqnagar,Rangareddy,Telangana,9.41,17.056445,78.199348,VERIFIED,
TG-RR-FNR-BRG-0459,459,459,M. Lakshmi Bai,Burgul,Farooqnagar,Rangareddy,Telangana,8.93,17.056749,78.196693,VERIFIED,
TG-RR-FNR-BRG-0460,460,460,P. Anjaneyulu,Burgul,Farooqnagar,Rangareddy,Telangana,2.4,17.056224,78.184669,VERIFIED,
TG-RR-FNR-BRG-0461,461,461,B. Satyanarayana,Burgul,Farooqnagar,Rangareddy,Telangana,4.64,17.056733,78.204901,VERIFIED,
TG-RR-FNR-BRG-0462,462,462,T. Ramaiah,Burgul,Farooqnagar,Rangareddy,Telangana,5.17,17.055843,78.179736,VERIFIED,
TG-RR-FNR-BRG-0463,463,463,Ch. Madhava Reddy,Burgul,Farooqnagar,Rangareddy,Telangana,5.65,17.056073,78.182909,VERIFIED,
TG-RR-FNR-BRG-0464,464,464,V. Narsimha,Burgul,Farooqnagar,Rangareddy,Telangana,4.35,17.056059,78.178291,VERIFIED,
TG-RR-FNR-BRG-0465,465,465,S. Kistamma,Burgul,Farooqnagar,Rangareddy,Telangana,3.1,17.056068,78.171908,VERIFIED,
TG-RR-FNR-BRG-0466,466,466,A. Balraj,Burgul,Farooqnagar,Rangareddy,Telangana,5.65,17.055523,78.203794,VERIFIED,
TG-RR-FNR-BRG-0467,467,467,M. Mallesh Goud,Burgul,Farooqnagar,Rangareddy,Telangana,12.49,17.055427,78.176723,VERIFIED,
TG-RR-FNR-BRG-0468,468,468,K. Chandraiah,Burgul,Farooqnagar,Rangareddy,Telangana,16.84,17.055291,78.174926,VERIFIED,
TG-RR-FNR-BRG-0469,469,469,J. Ramachandra Reddy,Burgul,Farooqnagar,Rangareddy,Telangana,1.23,17.055422,78.172218,VERIFIED,
TG-RR-FNR-BRG-0470,470,470,D. Gopal Rao,Burgul,Farooqnagar,Rangareddy,Telangana,5.35,17.055809,78.173203,CONFLICT,Owner mismatch: Deed titleholder 'D. Gopal Rao' vs Extracted 'G. Lingaiah'
TG-RR-FNR-BRG-0471,471,471,R. Prabhakar,Burgul,Farooqnagar,Rangareddy,Telangana,4.03,17.055411,78.184269,VERIFIED,
TG-RR-FNR-BRG-0472,472,472,E. Yadagiri,Burgul,Farooqnagar,Rangareddy,Telangana,1.27,17.055305,78.17158,VERIFIED,
TG-RR-FNR-BRG-0473,473,473,N. Shankaraiah,Burgul,Farooqnagar,Rangareddy,Telangana,11.62,17.055515,78.194026,VERIFIED,
TG-RR-FNR-BRG-0474,474,474,P. Suseela,Burgul,Farooqnagar,Rangareddy,Telangana,3.78,17.055279,78.195598,VERIFIED,
TG-RR-FNR-BRG-0475,475,475,B. Vittal Reddy,Burgul,Farooqnagar,Rangareddy,Telangana,7.38,17.055386,78.197337,VERIFIED,
TG-RR-FNR-BRG-0476,476,476,K. Padma,Burgul,Farooqnagar,Rangareddy,Telangana,6.0,17.055345,78.199427,VERIFIED,
TG-RR-FNR-BRG-0477,477,477,G. Lingaiah,Burgul,Farooqnagar,Rangareddy,Telangana,10.05,17.055328,78.188695,VERIFIED,
TG-RR-FNR-BRG-0478,478,478,M. Krishna Murthy,Burgul,Farooqnagar,Rangareddy,Telangana,17.22,17.055787,78.191936,VERIFIED,
TG-RR-FNR-BRG-0479,479,479,S. Venkat Reddy,Burgul,Farooqnagar,Rangareddy,Telangana,4.88,17.055224,78.182465,VERIFIED,
TG-RR-FNR-BRG-0480,480,480,A. Jagadeeshwar,Burgul,Farooqnagar,Rangareddy,Telangana,5.08,17.054854,78.179174,VERIFIED,
TG-RR-FNR-BRG-0481,481,481,G. Srinivas Reddy,Burgul,Farooqnagar,Rangareddy,Telangana,6.29,17.055104,78.186901,VERIFIED,
TG-RR-FNR-BRG-0482,482,482,K. Venkateshwar Rao,Burgul,Farooqnagar,Rangareddy,Telangana,6.65,17.054444,78.173383,VERIFIED,
TG-RR-FNR-BRG-0483,483,483,M. Lakshmi Bai,Burgul,Farooqnagar,Rangareddy,Telangana,7.38,17.055155,78.201207,VERIFIED,
TG-RR-FNR-BRG-0484,484,484,P. Anjaneyulu,Burgul,Farooqnagar,Rangareddy,Telangana,3.46,17.055057,78.170741,VERIFIED,
TG-RR-FNR-BRG-0485,485,485,B. Satyanarayana,Burgul,Farooqnagar,Rangareddy,Telangana,1.97,17.054342,78.171314,VERIFIED,
TG-RR-FNR-BRG-0486,486,486,T. Ramaiah,Burgul,Farooqnagar,Rangareddy,Telangana,4.42,17.054796,78.185063,VERIFIED,
TG-RR-FNR-BRG-0487,487,487,Ch. Madhava Reddy,Burgul,Farooqnagar,Rangareddy,Telangana,4.93,17.054575,78.177921,VERIFIED,
TG-RR-FNR-BRG-0488,488,488,V. Narsimha,Burgul,Farooqnagar,Rangareddy,Telangana,3.24,17.054364,78.172049,VERIFIED,
TG-RR-FNR-BRG-0489,489,489,S. Kistamma,Burgul,Farooqnagar,Rangareddy,Telangana,10.46,17.054361,78.202455,CONFLICT,Area mismatch: Document states 11.3 Acres vs GIS 10.46 Acres (8.0% diff)
TG-RR-FNR-BRG-0490,490,490,A. Balraj,Burgul,Farooqnagar,Rangareddy,Telangana,4.9,17.0544,78.196235,VERIFIED,
TG-RR-FNR-BRG-0491,491,491,M. Mallesh Goud,Burgul,Farooqnagar,Rangareddy,Telangana,4.05,17.054074,78.183257,VERIFIED,
TG-RR-FNR-BRG-0492,492,492,K. Chandraiah,Burgul,Farooqnagar,Rangareddy,Telangana,3.28,17.054216,78.199629,VERIFIED,
TG-RR-FNR-BRG-0493,493,493,J. Ramachandra Reddy,Burgul,Farooqnagar,Rangareddy,Telangana,5.08,17.054443,78.198139,VERIFIED,
TG-RR-FNR-BRG-0494,494,494,D. Gopal Rao,Burgul,Farooqnagar,Rangareddy,Telangana,3.76,17.054193,78.182316,VERIFIED,
TG-RR-FNR-BRG-0495,495,495,R. Prabhakar,Burgul,Farooqnagar,Rangareddy,Telangana,8.59,17.054216,78.190926,VERIFIED,
TG-RR-FNR-BRG-0496,496,496,E. Yadagiri,Burgul,Farooqnagar,Rangareddy,Telangana,4.59,17.053986,78.20043,VERIFIED,
TG-RR-FNR-BRG-0497,497,497,N. Shankaraiah,Burgul,Farooqnagar,Rangareddy,Telangana,3.41,17.054609,78.169991,VERIFIED,
TG-RR-FNR-BRG-0498,498,498,P. Suseela,Burgul,Farooqnagar,Rangareddy,Telangana,3.42,17.054044,78.187216,VERIFIED,
TG-RR-FNR-BRG-0499,499,499,B. Vittal Reddy,Burgul,Farooqnagar,Rangareddy,Telangana,7.86,17.05339,78.184021,VERIFIED,
TG-RR-FNR-BRG-0500,500,500,K. Padma,Burgul,Farooqnagar,Rangareddy,Telangana,4.52,17.053753,78.181971,REVIEW_REQUIRED,Low OCR confidence in handwritten Tippon annotation
TG-RR-FNR-BRG-0501,501,501,G. Lingaiah,Burgul,Farooqnagar,Rangareddy,Telangana,4.44,17.054088,78.185715,VERIFIED,
TG-RR-FNR-BRG-0502,502,502,M. Krishna Murthy,Burgul,Farooqnagar,Rangareddy,Telangana,7.72,17.054348,78.180694,VERIFIED,
TG-RR-FNR-BRG-0503,503,503,S. Venkat Reddy,Burgul,Farooqnagar,Rangareddy,Telangana,1.73,17.053815,78.198724,VERIFIED,
TG-RR-FNR-BRG-0504,504,504,A. Jagadeeshwar,Burgul,Farooqnagar,Rangareddy,Telangana,2.86,17.053582,78.187801,VERIFIED,
TG-RR-FNR-BRG-0505,505,505,G. Srinivas Reddy,Burgul,Farooqnagar,Rangareddy,Telangana,3.07,17.053522,78.170698,VERIFIED,
TG-RR-FNR-BRG-0506,506,506,K. Venkateshwar Rao,Burgul,Farooqnagar,Rangareddy,Telangana,1.69,17.053557,78.188407,VERIFIED,
TG-RR-FNR-BRG-0507,507,507,M. Lakshmi Bai,Burgul,Farooqnagar,Rangareddy,Telangana,5.9,17.05394,78.192727,VERIFIED,
TG-RR-FNR-BRG-0508,508,508,P. Anjaneyulu,Burgul,Farooqnagar,Rangareddy,Telangana,2.64,17.053531,78.188858,VERIFIED,
TG-RR-FNR-BRG-0509,509,509,B. Satyanarayana,Burgul,Farooqnagar,Rangareddy,Telangana,5.97,17.053166,78.198101,VERIFIED,
TG-RR-FNR-BRG-0510,510,510,T. Ramaiah,Burgul,Farooqnagar,Rangareddy,Telangana,7.61,17.053595,78.189719,VERIFIED,
TG-RR-FNR-BRG-0511,511,511,Ch. Madhava Reddy,Burgul,Farooqnagar,Rangareddy,Telangana,6.03,17.053597,78.177761,VERIFIED,
TG-RR-FNR-BRG-0512,512,512,V. Narsimha,Burgul,Farooqnagar,Rangareddy,Telangana,8.49,17.053174,78.196056,VERIFIED,
TG-RR-FNR-BRG-0513,513,513,S. Kistamma,Burgul,Farooqnagar,Rangareddy,Telangana,8.4,17.053364,78.194515,VERIFIED,
TG-RR-FNR-BRG-0514,514,514,A. Balraj,Burgul,Farooqnagar,Rangareddy,Telangana,8.55,17.053127,78.17953,VERIFIED,
TG-RR-FNR-BRG-0515,515,515,M. Mallesh Goud,Burgul,Farooqnagar,Rangareddy,Telangana,1.55,17.053409,78.185872,CONFLICT,Owner mismatch: Deed titleholder 'M. Mallesh Goud' vs Extracted 'P. Suseela'
TG-RR-FNR-BRG-0516,516,516,K. Chandraiah,Burgul,Farooqnagar,Rangareddy,Telangana,3.48,17.05314,78.193339,VERIFIED,
TG-RR-FNR-BRG-0517,517,517,J. Ramachandra Reddy,Burgul,Farooqnagar,Rangareddy,Telangana,11.78,17.052426,78.181426,VERIFIED,
TG-RR-FNR-BRG-0518,518,518,D. Gopal Rao,Burgul,Farooqnagar,Rangareddy,Telangana,4.63,17.053317,78.172294,VERIFIED,
TG-RR-FNR-BRG-0519,519,519,R. Prabhakar,Burgul,Farooqnagar,Rangareddy,Telangana,2.54,17.053112,78.186509,VERIFIED,
TG-RR-FNR-BRG-0520,520,520,E. Yadagiri,Burgul,Farooqnagar,Rangareddy,Telangana,3.12,17.052757,78.185266,VERIFIED,
TG-RR-FNR-BRG-0521,521,521,N. Shankaraiah,Burgul,Farooqnagar,Rangareddy,Telangana,6.18,17.05232,78.171775,CONFLICT,Area mismatch: Document states 6.67 Acres vs GIS 6.18 Acres (8.0% diff)
TG-RR-FNR-BRG-0522,522,522,P. Suseela,Burgul,Farooqnagar,Rangareddy,Telangana,4.68,17.052663,78.177873,VERIFIED,
TG-RR-FNR-BRG-0523,523,523,B. Vittal Reddy,Burgul,Farooqnagar,Rangareddy,Telangana,2.44,17.052883,78.191949,VERIFIED,
TG-RR-FNR-BRG-0524,524,524,K. Padma,Burgul,Farooqnagar,Rangareddy,Telangana,11.39,17.052825,78.173835,VERIFIED,
TG-RR-FNR-BRG-0525,525,525,G. Lingaiah,Burgul,Farooqnagar,Rangareddy,Telangana,6.51,17.052854,78.201084,VERIFIED,
TG-RR-FNR-BRG-0526,526,526,M. Krishna Murthy,Burgul,Farooqnagar,Rangareddy,Telangana,3.5,17.052765,78.199451,VERIFIED,
TG-RR-FNR-BRG-0527,527,527,S. Venkat Reddy,Burgul,Farooqnagar,Rangareddy,Telangana,3.48,17.052258,78.186499,VERIFIED,
TG-RR-FNR-BRG-0528,528,528,A. Jagadeeshwar,Burgul,Farooqnagar,Rangareddy,Telangana,4.07,17.052097,78.193229,VERIFIED,
TG-RR-FNR-BRG-0529,529,529,G. Srinivas Reddy,Burgul,Farooqnagar,Rangareddy,Telangana,9.54,17.052011,78.188117,VERIFIED,
TG-RR-FNR-BRG-0530,530,530,K. Venkateshwar Rao,Burgul,Farooqnagar,Rangareddy,Telangana,1.02,17.052152,78.192408,VERIFIED,
TG-RR-FNR-BRG-0531,531,531,M. Lakshmi Bai,Burgul,Farooqnagar,Rangareddy,Telangana,2.58,17.052369,78.191512,VERIFIED,
TG-RR-FNR-BRG-0532,532,532,P. Anjaneyulu,Burgul,Farooqnagar,Rangareddy,Telangana,1.16,17.052227,78.199771,VERIFIED,
TG-RR-FNR-BRG-0533,533,533,B. Satyanarayana,Burgul,Farooqnagar,Rangareddy,Telangana,7.55,17.052632,78.176556,VERIFIED,
TG-RR-FNR-BRG-0534,534,534,T. Ramaiah,Burgul,Farooqnagar,Rangareddy,Telangana,7.59,17.052123,78.190068,VERIFIED,
TG-RR-FNR-BRG-0535,535,535,Ch. Madhava Reddy,Burgul,Farooqnagar,Rangareddy,Telangana,3.98,17.051828,78.198766,VERIFIED,
TG-RR-FNR-BRG-0536,536,536,V. Narsimha,Burgul,Farooqnagar,Rangareddy,Telangana,9.46,17.051747,78.184683,VERIFIED,
TG-RR-FNR-BRG-0537,537,537,S. Kistamma,Burgul,Farooqnagar,Rangareddy,Telangana,2.38,17.051684,78.199897,VERIFIED,
TG-RR-FNR-BRG-0538,538,538,A. Balraj,Burgul,Farooqnagar,Rangareddy,Telangana,3.28,17.051515,78.177686,VERIFIED,
TG-RR-FNR-BRG-0539,539,539,M. Mallesh Goud,Burgul,Farooqnagar,Rangareddy,Telangana,6.51,17.051995,78.196784,VERIFIED,
TG-RR-FNR-BRG-0540,540,540,K. Chandraiah,Burgul,Farooqnagar,Rangareddy,Telangana,2.96,17.051315,78.191476,VERIFIED,
TG-RR-FNR-BRG-0541,541,541,J. Ramachandra Reddy,Burgul,Farooqnagar,Rangareddy,Telangana,3.94,17.051174,78.192388,VERIFIED,
TG-RR-FNR-BRG-0542,542,542,D. Gopal Rao,Burgul,Farooqnagar,Rangareddy,Telangana,6.78,17.05207,78.175687,VERIFIED,
TG-RR-FNR-BRG-0543,543,543,R. Prabhakar,Burgul,Farooqnagar,Rangareddy,Telangana,3.97,17.051425,78.197723,VERIFIED,
TG-RR-FNR-BRG-0544,544,544,E. Yadagiri,Burgul,Farooqnagar,Rangareddy,Telangana,12.21,17.051133,78.194599,VERIFIED,
TG-RR-FNR-BRG-0545,545,545,N. Shankaraiah,Burgul,Farooqnagar,Rangareddy,Telangana,5.15,17.051351,78.173202,REVIEW_REQUIRED,Low OCR confidence in handwritten Tippon annotation
TG-RR-FNR-BRG-0546,546,546,P. Suseela,Burgul,Farooqnagar,Rangareddy,Telangana,5.21,17.051221,78.186971,VERIFIED,
TG-RR-FNR-BRG-0547,547,547,B. Vittal Reddy,Burgul,Farooqnagar,Rangareddy,Telangana,6.33,17.050949,78.19032,VERIFIED,
TG-RR-FNR-BRG-0548,548,548,K. Padma,Burgul,Farooqnagar,Rangareddy,Telangana,5.3,17.050452,78.173678,VERIFIED,
TG-RR-FNR-BRG-0549,549,549,G. Lingaiah,Burgul,Farooqnagar,Rangareddy,Telangana,5.85,17.051489,78.17919,VERIFIED,
TG-RR-FNR-BRG-0550,550,550,M. Krishna Murthy,Burgul,Farooqnagar,Rangareddy,Telangana,2.74,17.050841,78.178155,CONFLICT,Owner mismatch: Deed titleholder 'M. Krishna Murthy' vs Extracted 'B. Satyanarayana'
TG-RR-FNR-BRG-0551,551,551,S. Venkat Reddy,Burgul,Farooqnagar,Rangareddy,Telangana,6.34,17.050987,78.174653,VERIFIED,
TG-RR-FNR-BRG-0552,552,552,A. Jagadeeshwar,Burgul,Farooqnagar,Rangareddy,Telangana,13.6,17.050161,78.1962,VERIFIED,
TG-RR-FNR-BRG-0553,553,553,G. Srinivas Reddy,Burgul,Farooqnagar,Rangareddy,Telangana,4.36,17.05063,78.198214,VERIFIED,
TG-RR-FNR-BRG-0554,554,554,K. Venkateshwar Rao,Burgul,Farooqnagar,Rangareddy,Telangana,3.03,17.05081,78.17653,VERIFIED,
TG-RR-FNR-BRG-0555,555,555,M. Lakshmi Bai,Burgul,Farooqnagar,Rangareddy,Telangana,2.68,17.050594,78.186448,VERIFIED,
TG-RR-FNR-BRG-0556,556,556,P. Anjaneyulu,Burgul,Farooqnagar,Rangareddy,Telangana,2.04,17.050647,78.175487,VERIFIED,
TG-RR-FNR-BRG-0557,557,557,B. Satyanarayana,Burgul,Farooqnagar,Rangareddy,Telangana,5.34,17.050246,78.185601,VERIFIED,
TG-RR-FNR-BRG-0558,558,558,T. Ramaiah,Burgul,Farooqnagar,Rangareddy,Telangana,6.5,17.051211,78.182986,VERIFIED,
TG-RR-FNR-BRG-0559,559,559,Ch. Madhava Reddy,Burgul,Farooqnagar,Rangareddy,Telangana,6.71,17.050722,78.180139,VERIFIED,
TG-RR-FNR-BRG-0560,560,560,V. Narsimha,Burgul,Farooqnagar,Rangareddy,Telangana,10.98,17.050217,78.18187,CONFLICT,Area mismatch: Document states 11.86 Acres vs GIS 10.98 Acres (8.0% diff)
TG-RR-FNR-BRG-0561,561,561,S. Kistamma,Burgul,Farooqnagar,Rangareddy,Telangana,3.48,17.050152,78.183385,VERIFIED,
TG-RR-FNR-BRG-0562,562,562,A. Balraj,Burgul,Farooqnagar,Rangareddy,Telangana,5.27,17.04971,78.178807,VERIFIED,
TG-RR-FNR-BRG-0563,563,563,M. Mallesh Goud,Burgul,Farooqnagar,Rangareddy,Telangana,9.59,17.049935,78.193504,VERIFIED,
TG-RR-FNR-BRG-0564,564,564,K. Chandraiah,Burgul,Farooqnagar,Rangareddy,Telangana,5.62,17.049794,78.177575,VERIFIED,
TG-RR-FNR-BRG-0565,565,565,J. Ramachandra Reddy,Burgul,Farooqnagar,Rangareddy,Telangana,5.45,17.049641,78.175148,VERIFIED,
TG-RR-FNR-BRG-0566,566,566,D. Gopal Rao,Burgul,Farooqnagar,Rangareddy,Telangana,6.42,17.049922,78.184383,VERIFIED,
TG-RR-FNR-BRG-0567,567,567,R. Prabhakar,Burgul,Farooqnagar,Rangareddy,Telangana,2.94,17.049375,78.176828,VERIFIED,
TG-RR-FNR-BRG-0568,568,568,E. Yadagiri,Burgul,Farooqnagar,Rangareddy,Telangana,2.16,17.049515,78.176242,VERIFIED,
TG-RR-FNR-BRG-0569,569,569,N. Shankaraiah,Burgul,Farooqnagar,Rangareddy,Telangana,9.78,17.04928,78.19178,VERIFIED,
TG-RR-FNR-BRG-0570,570,570,P. Suseela,Burgul,Farooqnagar,Rangareddy,Telangana,10.05,17.049195,78.190426,VERIFIED,
TG-RR-FNR-BRG-0571,571,571,B. Vittal Reddy,Burgul,Farooqnagar,Rangareddy,Telangana,7.01,17.049661,78.187471,VERIFIED,
TG-RR-FNR-BRG-0572,572,572,K. Padma,Burgul,Farooqnagar,Rangareddy,Telangana,8.42,17.049885,78.188814,VERIFIED,
TG-RR-FNR-BRG-0573,573,573,G. Lingaiah,Burgul,Farooqnagar,Rangareddy,Telangana,9.35,17.049264,78.180424,VERIFIED,
TG-RR-FNR-BRG-0574,574,574,M. Krishna Murthy,Burgul,Farooqnagar,Rangareddy,Telangana,4.77,17.04879,78.184044,VERIFIED,
TG-RR-FNR-BRG-0575,575,575,S. Venkat Reddy,Burgul,Farooqnagar,Rangareddy,Telangana,4.96,17.049023,78.185934,VERIFIED,
TG-RR-FNR-BRG-0576,576,576,A. Jagadeeshwar,Burgul,Farooqnagar,Rangareddy,Telangana,4.85,17.048246,78.187104,VERIFIED,
TG-RR-FNR-BRG-0577,577,577,G. Srinivas Reddy,Burgul,Farooqnagar,Rangareddy,Telangana,8.86,17.048196,78.182873,VERIFIED,
TG-RR-FNR-BRG-0578,578,578,K. Venkateshwar Rao,Burgul,Farooqnagar,Rangareddy,Telangana,11.58,17.047993,78.189179,VERIFIED,
TG-RR-FNR-BRG-0579,579,579,M. Lakshmi Bai,Burgul,Farooqnagar,Rangareddy,Telangana,6.64,17.048564,78.175384,VERIFIED,
TG-RR-FNR-BRG-0580,580,580,P. Anjaneyulu,Burgul,Farooqnagar,Rangareddy,Telangana,11.94,17.048467,78.193734,VERIFIED,
TG-RR-FNR-BRG-0581,581,581,B. Satyanarayana,Burgul,Farooqnagar,Rangareddy,Telangana,3.48,17.048076,78.185756,VERIFIED,
TG-RR-FNR-BRG-0582,582,582,T. Ramaiah,Burgul,Farooqnagar,Rangareddy,Telangana,5.21,17.048084,78.178364,VERIFIED,
TG-RR-FNR-BRG-0583,583,583,Ch. Madhava Reddy,Burgul,Farooqnagar,Rangareddy,Telangana,6.83,17.047672,78.177367,VERIFIED,
TG-RR-FNR-BRG-0584,584,584,V. Narsimha,Burgul,Farooqnagar,Rangareddy,Telangana,5.06,17.047439,78.176317,VERIFIED,
TG-RR-FNR-BRG-0585,585,585,S. Kistamma,Burgul,Farooqnagar,Rangareddy,Telangana,6.62,17.047269,78.185295,VERIFIED,
TG-RR-FNR-BRG-0586,586,586,A. Balraj,Burgul,Farooqnagar,Rangareddy,Telangana,4.1,17.047869,78.179241,VERIFIED,
TG-RR-FNR-BRG-0587,587,587,M. Mallesh Goud,Burgul,Farooqnagar,Rangareddy,Telangana,9.11,17.04772,78.180915,VERIFIED,
TG-RR-FNR-BRG-0588,588,588,K. Chandraiah,Burgul,Farooqnagar,Rangareddy,Telangana,7.48,17.04726,78.19231,VERIFIED,
TG-RR-FNR-BRG-0589,589,589,J. Ramachandra Reddy,Burgul,Farooqnagar,Rangareddy,Telangana,2.47,17.046963,78.179394,VERIFIED,
TG-RR-FNR-BRG-0590,590,590,D. Gopal Rao,Burgul,Farooqnagar,Rangareddy,Telangana,8.67,17.046869,78.183756,REVIEW_REQUIRED,Low OCR confidence in handwritten Tippon annotation
TG-RR-FNR-BRG-0591,591,591,R. Prabhakar,Burgul,Farooqnagar,Rangareddy,Telangana,2.42,17.047217,78.187341,VERIFIED,
TG-RR-FNR-BRG-0592,592,592,E. Yadagiri,Burgul,Farooqnagar,Rangareddy,Telangana,2.26,17.046904,78.186621,VERIFIED,
TG-RR-FNR-BRG-0593,593,593,N. Shankaraiah,Burgul,Farooqnagar,Rangareddy,Telangana,3.93,17.046569,78.180668,VERIFIED,
TG-RR-FNR-BRG-0594,594,594,P. Suseela,Burgul,Farooqnagar,Rangareddy,Telangana,5.99,17.046541,78.188065,VERIFIED,
TG-RR-FNR-BRG-0595,595,595,B. Vittal Reddy,Burgul,Farooqnagar,Rangareddy,Telangana,2.67,17.045758,78.187225,CONFLICT,Area mismatch: Document states 2.88 Acres vs GIS 2.67 Acres (8.0% diff)
TG-RR-FNR-BRG-0596,596,596,K. Padma,Burgul,Farooqnagar,Rangareddy,Telangana,4.06,17.045807,78.179619,VERIFIED,
TG-RR-FNR-BRG-0597,597,597,G. Lingaiah,Burgul,Farooqnagar,Rangareddy,Telangana,5.72,17.046235,78.177888,VERIFIED,
TG-RR-FNR-BRG-0598,598,598,M. Krishna Murthy,Burgul,Farooqnagar,Rangareddy,Telangana,10.85,17.045882,78.182709,VERIFIED,
TG-RR-FNR-BRG-0599,599,599,S. Venkat Reddy,Burgul,Farooqnagar,Rangareddy,Telangana,5.18,17.045744,78.186334,VERIFIED,
TG-RR-FNR-BRG-0600,600,600,A. Jagadeeshwar,Burgul,Farooqnagar,Rangareddy,Telangana,7.04,17.046264,78.18934,VERIFIED,
TG-RR-FNR-BRG-0601,601,601,G. Srinivas Reddy,Burgul,Farooqnagar,Rangareddy,Telangana,4.54,17.045392,78.178826,VERIFIED,
TG-RR-FNR-BRG-0602,602,602,K. Venkateshwar Rao,Burgul,Farooqnagar,Rangareddy,Telangana,7.35,17.046416,78.190707,CONFLICT,Owner mismatch: Deed titleholder 'K. Venkateshwar Rao' vs Extracted 'S. Kistamma'
TG-RR-FNR-BRG-0603,603,603,M. Lakshmi Bai,Burgul,Farooqnagar,Rangareddy,Telangana,5.05,17.045661,78.180861,VERIFIED,
TG-RR-FNR-BRG-0604,604,604,P. Anjaneyulu,Burgul,Farooqnagar,Rangareddy,Telangana,1.4,17.045205,78.189744,VERIFIED,
TG-RR-FNR-BRG-0605,605,605,B. Satyanarayana,Burgul,Farooqnagar,Rangareddy,Telangana,5.48,17.04564,78.18517,VERIFIED,
TG-RR-FNR-BRG-0606,606,606,T. Ramaiah,Burgul,Farooqnagar,Rangareddy,Telangana,4.6,17.044703,78.185329,VERIFIED,
TG-RR-FNR-BRG-0607,607,607,Ch. Madhava Reddy,Burgul,Farooqnagar,Rangareddy,Telangana,6.27,17.044779,78.181436,VERIFIED,
TG-RR-FNR-BRG-0608,608,608,V. Narsimha,Burgul,Farooqnagar,Rangareddy,Telangana,5.03,17.044939,78.188373,VERIFIED,
TG-RR-FNR-BRG-0609,609,609,S. Kistamma,Burgul,Farooqnagar,Rangareddy,Telangana,9.14,17.044095,78.183343,VERIFIED,
TG-RR-FNR-BRG-0610,610,610,A. Balraj,Burgul,Farooqnagar,Rangareddy,Telangana,1.63,17.044011,78.184289,VERIFIED,
TG-RR-FNR-BRG-0611,611,611,M. Mallesh Goud,Burgul,Farooqnagar,Rangareddy,Telangana,5.45,17.043758,78.185064,VERIFIED,
TG-RR-FNR-BRG-0612,612,612,K. Chandraiah,Burgul,Farooqnagar,Rangareddy,Telangana,5.77,17.044268,78.186949,VERIFIED,
TG-RR-FNR-BRG-0613,613,613,J. Ramachandra Reddy,Burgul,Farooqnagar,Rangareddy,Telangana,7.16,17.044,78.180843,VERIFIED,
